ano_monitoramento,setor_de_governo,codigo_do_programa,nome_do_programa,codigo_da_unidade_orcamentaria_responsavel_pelo_programa,unidade_orcamentaria_responsavel_pelo_programa,objetivo_do_programa,situacao_atual_1_semestre,situacao_atual_2_semestre,resultado,field11
2024,ASSEMBLEIA LEGISLATIVA,729,PROCESSO LEGISLATIVO,1011,ASSEMBLEIA LEGISLATIVA DO ESTADO DE MINAS GERAIS,"LEGISLAR SOBRE MATÉRIA LEGISLATIVA DE COMPETÊNCIA DO ESTADO, AVALIAR, ACOMPANHAR, REVISAR E FISCALIZAR A EXECUÇÃO DAS POLÍTICAS PÚBLICAS E PROMOVER A DIVULGAÇÃO DE SEUS TRABALHOS E A PARTICIPAÇÃO POPULAR.DESENVOLVER ATIVIDADES DE SUPORTE À CONSECUÇÃO DOS OBJETIVOS FINALÍSTICOS, EM RELAÇÃO ÀS QUAIS NÃO SE POSSA ASSOCIAR UM BEM OU SERVIÇO A SER DISPONIBILIZADO DIRETAMENTE À SOCIEDADE.",,,,
2024,TRIBUNAL DE CONTAS,746,CONTROLE EXTERNO DA GESTÃO DOS RECURSOS PÚBLICOS,1021,TRIBUNAL DE CONTAS DO ESTADO DE MINAS GERAIS,"EXERCER O CONTROLE DA GESTÃO PÚBLICA DE FORMA PLANEJADA, EFICIENTE, EFICAZ E EFETIVA, EM BENEFÍCIO DA SOCIEDADE.",,,,
2024,TRIBUNAL DE CONTAS,760,CAPACITAÇÃO E ORIENTAÇÃO PARA MELHORAR A GESTÃO DOS RECURSOS PÚBLICOS,1021,TRIBUNAL DE CONTAS DO ESTADO DE MINAS GERAIS,"ASSEGURAR MEIOS PARA CAPACITAR E ORIENTAR O PÚBLICO INTERNO E EXTERNO, VISANDO CONTRIBUIR PARA A EFETIVA E REGULAR GESTÃO DOS RECURSOS PÚBLICOS DO ESTADO E DOS MUNICÍPIOS.",,,,
2024,TRIBUNAL DE JUSTIÇA MILITAR,734,PRESTAÇÃO JURISDICIONAL MILITAR,1051,TRIBUNAL DE JUSTIÇA MILITAR DO ESTADO DE MINAS GERAIS,"GARANTIR, NO ÂMBITO DA COMPETÊNCIA ESPECIALIZADA DO TRIBUNAL DE JUSTIÇA MILITAR DE MINAS GERAIS, A EFETIVA PRESTAÇÃO JURISDICIONAL, COM CELERIDADE E INDEPENDÊNCIA, BEM COMO A PROTEÇÃO DOS BENS JURÍDICOS TUTELADOS PELA LEI PENAL MILITAR E O CONTROLE DOS ATOS DISCIPLINARES.",,,,
2024,GABINETE MILITAR DO GOVERNADOR,34,SUPORTE ÀS AÇÕES DE TRANSPORTE RODOVIÁRIO,1071,GABINETE MILITAR DO GOVERNADOR DO ESTADO DE MINAS GERAIS,"DISPONIBILIZAR TRANSPORTE RODOVIÁRIO AO GOVERNADOR, AO VICE-GOVERNADOR, SEUS FAMILIARES, AUTORIDADES EM VISITA OFICIAL AO ESTADO, AOS SECRETÁRIOS DE ESTADO E AOS AGENTES PÚBLICOS DO ÓRGÃO, CONFORME DEFINIDO EM NORMA, POR MEIO DA GESTÃO CENTRALIZADA DA FROTA PRÓPRIA, LOCADA OU DISPONIBILIZADA PARA O ÓRGÃO, VISANDO A PRESTAÇÃO DO SERVIÇO DE FORMA SEGURA E ININTERRUPTA.",,,,
2024,GABINETE MILITAR DO GOVERNADOR,46,SUPORTE AÉREO AOS SERVIÇOS PÚBLICOS ESTADUAIS,1071,GABINETE MILITAR DO GOVERNADOR DO ESTADO DE MINAS GERAIS,"GARANTIR O TRANSPORTE AÉREO DO GOVERNADOR, DO VICE-GOVERNADOR E DAS AUTORIDADES ESTADUAIS QUANDO E ONDE SE FIZER NECESSÁRIO, BEM COMO POTENCIALIZAR A EXECUÇÃO DE SERVIÇOS PÚBLICOS ESTADUAIS, POR MEIO DA GESTÃO CENTRALIZADA DAS AERONAVES, ESTRUTURAS FÍSICAS, BENS E SERVIÇOS AFETOS A AVIAÇÃO ESTADUAL, VISANDO: A MELHORIA DA QUALIDADE DOS GASTOS PÚBLICOS, A OTIMIZAÇÃO DO EMPREGO DAS AERONAVES E AMPLIAÇÃO DA CAPACIDADE DE COBERTURA DA MALHA AÉREA NO ESTADO, RESPEITADAS A AUTONOMIA E A COMPETÊNCIA LEGAL DE CADA INSTITUIÇÃO.",,,,
2024,GABINETE MILITAR DO GOVERNADOR,47,SUPORTE ÀS AÇÕES DE COMBATE E RESPOSTA AOS DANOS CAUSADOS PELAS CHUVAS,1071,GABINETE MILITAR DO GOVERNADOR DO ESTADO DE MINAS GERAIS,"REALIZAR AÇÕES DE PREPARAÇÃO, RESPOSTA E RECUPERAÇÃO DESTINADAS A MITIGAR OS EFETIVOS CAUSADOS PELOS DESASTRES DECORRENTES DAS CHUVAS, COM A FINALIDADE DE RESTABELECER A NORMALIDADE SOCIAL E ECONÔMICA DA POPULAÇÃO ATINGIDA.",,,,
2024,GABINETE MILITAR DO GOVERNADOR,48,PROTEÇÃO E DEFESA CIVIL,1071,GABINETE MILITAR DO GOVERNADOR DO ESTADO DE MINAS GERAIS,"REALIZAR AÇÕES DE PREVENÇÃO E PREPARAÇÃO, RELACIONADAS A GESTÃO DOS RISCOS DE DESASTRES, BEM COMO AÇÕES DE RESPOSTA E RECUPERAÇÃO COM A FINALIDADE DE RESTABELECER A NORMALIDADE SOCIAL E ECONÔMICA DA POPULAÇÃO ATINGIDA, MITIGANDO OS EFEITOS DOS DESASTRES.",,,,
2024,GABINETE MILITAR DO GOVERNADOR,49,ADMINISTRAÇÃO DOS PRÉDIOS GOVERNAMENTAIS,1071,GABINETE MILITAR DO GOVERNADOR DO ESTADO DE MINAS GERAIS,"PLANEJAR, COORDENAR E EXECUTAR AS ATIVIDADES DE CONSERVAÇÃO E MANUTENÇÃO DAS INSTALAÇÕES GOVERNAMENTAIS VINCULADAS AO GMG, POTENCIALIZANDO AS PARCERIAS, COM BASE NA VIABILIDADE, ECONOMIA E OPORTUNIDADE.",,,,
2024,GABINETE MILITAR DO GOVERNADOR,50,SEGURANÇA E INTELIGÊNCIA GOVERNAMENTAL,1071,GABINETE MILITAR DO GOVERNADOR DO ESTADO DE MINAS GERAIS,"ASSEGURAR A GOVERNABILIDADE E SUSTENTABILIDADE DO ESTADO, GARANTINDO SEGURANÇA GOVERNAMENTAL EFETIVA, POR MEIO DA COORDENAÇÃO, PLANEJAMENTO E EXECUÇÃO DAS ATIVIDADES DE SEGURANÇA DO GOVERNADOR, DO VICE-GOVERNADOR, DE SEUS FAMILIARES, DE AUTORIDADES EM VISITA OFICIAL AO ESTADO, DOS EDIFICAÇÕES GOVERNAMENTAIS, DAS RESIDÊNCIAS DO GOVERNADOR, DO VICE-GOVERNADOR E DAS DEPENDÊNCIAS DO GMG.",,,,
2024,ADVOCACIA GERAL,43,DESJUDICIALIZA MINAS,1081,ADVOCACIA GERAL DO ESTADO,"PROMOVER A UTILIZAÇÃO DE MÉTODOS ALTERNATIVOS NA SOLUÇÃO DE CONFLITOS EM LIDES EM QUE O ESTADO DE MINAS GERAIS SUAS ENTIDADES SEJAM PARTE, BEM COMO PREVENIR A JUDICIALIZAÇÃO.",,,,
2024,ADVOCACIA GERAL,44,REPRESENTAÇÃO JURÍDICA DO ESTADO E ENTIDADES,1081,ADVOCACIA GERAL DO ESTADO,"DEFENDER O ESTADO DE MINAS GERAIS, SUAS AUTARQUIAS E FUNDAÇÕES POR MEIO DA REPRESENTAÇÃO JUDICIAL E EXTRAJUDICIAL DO ESTADO PERANTE QUALQUER JUÍZO OU TRIBUNAL, EM TODAS AS QUESTÕES LEGAIS, BEM COMO REALIZAR A CONSULTORIA JURÍDICA E ASSESSORAMENTO TÉCNICO-LEGISLATIVO DE TODA A ADMINISTRAÇÃO PÚBLICA DIRETA E INDIRETA.",,,,
2024,MINISTÉRIO PÚBLICO,703,PROCESSO JUDICIÁRIO,1091,PROCURADORIA GERAL DE JUSTIÇA,"EXERCER AS FUNÇÕES DA INSTITUIÇÃO NA DEFESA DA ORDEM JURÍDICA, REGIME DEMOCRÁTICO E INTERESSES SOCIAIS E INDIVIDUAIS INDISIPONÍVEIS, COM ATUAÇÃO NAS ÁREAS CRIMINAL, CIVIL, INTERESSES DIFUSOS E COLETIVOS, DENTRE OUTRAS.",,,,
2024,MINISTÉRIO PÚBLICO,714,"AQUISIÇÃO, CONSTRUÇÃO, REPAROS DE BENS IMÓVEIS",1091,PROCURADORIA GERAL DE JUSTIÇA,CONSTRUÇÃO E REFORMAS DE NOVAS UNIDADES PREDIAIS - SEDES PRÓPRIAS PARA O MINISTÉRIO PÚBLICO NA CAPITAL E  INTERIOR - A FIM DE AMPLIAR A ATUAÇÃOINSTITUCIONAL E PROPICIAR MELHORES SERVIÇOS.,,,,
2024,OUVIDORIA GERAL,54,GOVERNANÇA PARA INTEGRIDADE E MELHORES RESULTADOS EM SERVIÇOS PÚBLICOS,1101,OUVIDORIA-GERAL DO ESTADO DE MINAS GERAIS,"IMPULSIONAR A ADOÇÃO DE PRÁTICAS DE EXCELÊNCIA EM GOVERNANÇA, NA OGE E NOS DEMAIS ÓRGÃOS E ENTIDADES, QUE CONTRIBUAM PARA A EXCELÊNCIA NA PRESTAÇÃO DO SERVIÇO PÚBLICO, GARANTAM A IMPLEMENTAÇÃO DE UMA CONDUTA ÉTICA, A EFETIVIDADE DE POLÍTICAS DE PREVENÇÃO E COMBATE À CORRUPÇÃO E DE GERENCIAMENTO DE RISCOS, E A TOMADA DE DECISÃO BASEADA EM EVIDÊNCIAS E INFORMAÇÃO DE INTELIGÊNCIA. PARA ISSO, BUSCA-SE FORTALECER A OGE COMO UMA ÁREA ESTRATÉGICA E PRÓXIMA ÀS INSTÂNCIAS MÁXIMAS DO GOVERNO, EXERCENDO PAPEL CENTRAL NOS MODELOS DE GOVERNANÇA DE SERVIÇOS PÚBLICOS ATRAVÉS DE UMA VISÃO TRANSVERSAL SOBRE OS SERVIÇOS PRESTADOS, O PERFIL DOS USUÁRIOS ATENDIDOS E OS PROBLEMAS PRINCIPAIS E REINCIDENTES QUE ELES ENFRENTAM.",,,,
2024,OUVIDORIA GERAL,55,CONTROLE SOCIAL ATRAVÉS DA DEFESA DOS USUÁRIOS DE SERVIÇOS PÚBLICOS,1101,OUVIDORIA-GERAL DO ESTADO DE MINAS GERAIS,"GARANTIR A PARTICIPAÇÃO, A PROTEÇÃO E A DEFESA DOS DIREITOS DOS USUÁRIOS PARA QUE OS SERVIÇOS PÚBLICOS GEREM OS IMPACTOS E AS TRANSFORMAÇÕES SOCIAIS ESPERADAS, POR MEIO DA DISPONIBILIZAÇÃO, DIVULGAÇÃO, PROMOÇÃO, MANUTENÇÃO, APRIMORAMENTO E EXPANSÃO DE CANAIS DE ATENDIMENTO QUE VIABILIZEM A PARTICIPAÇÃO SOCIAL DIRETA, COM AMPLA INCLUSÃO E RESPEITO À DIVERSIDADE, À SEGURANÇA DE DADOS E À PROTEÇÃO DO MANIFESTANTE. AO MESMO TEMPO, O PROGRAMA BUSCA CONTRIBUIR COM A QUALIDADE DO AMBIENTE DE TRABALHO DOS SERVIDORES, PRESTADORES DOS SERVIÇOS PÚBLICOS, ATUANDO NA PREVENÇÃO E COMBATE AO ASSÉDIO MORAL E SEXUAL.",,,,
2024,FAZENDA,45,"RECEITA ESTADUAL DIGITAL, EFICIENTE, MODERNIZADA E MAIS JUSTA",1191,SECRETARIA DE ESTADO DE FAZENDA,"BUSCAR A EXCELÊNCIA DA FISCALIZAÇÃO, TRIBUTAÇÃO, ARRECADAÇÃO E COBRANÇA, ATRAVÉS DE UMA ADMINISTRAÇÃO TRIBUTÁRIA PAUTADA NAS BOAS PRÁTICAS DA GESTÃO FISCAL, COM FOCO NA EFICIÊNCIA, NA TRANSFORMAÇÃO DIGITAL, NA MODERNIZAÇÃO E NA JUSTIÇA FISCAL.",,,,
2024,FAZENDA,33,GESTÃO DA INFORMAÇÃO COM USO DE TECNOLOGIA E COMUNICAÇÃO,1191,SECRETARIA DE ESTADO DE FAZENDA,"PROPICIAR A INTEGRAÇÃO DA SEF COM A SOCIEDADE POR MEIO DA SIMPLIFICAÇÃO, ORGANIZAÇÃO E ACESSO À INFORMAÇÃO, GARANTINDO A QUALIDADE DA RECEITA E DA DESPESA E A PROMOÇÃO DA TRANSPARÊNCIA NAS POLÍTICAS QUE AMPARAM A JUSTIÇA FISCAL. SUSTENTAR E AMPLIAR, COM O USO INOVADOR E TRANSFORMADOR DAS TECNOLOGIAS DA INFORMAÇÃO E COMUNICAÇÃO, A PRODUTIVIDADE E A EXCELÊNCIA DOS SERVIÇOS DA SEF PARA A SOCIEDADE.",,,,
2024,FAZENDA,38,TESOURO RESPONSÁVEL E TRANSPARENTE,1191,SECRETARIA DE ESTADO DE FAZENDA,"PROMOVER O APERFEIÇOAMENTO DA GESTÃO FINANCEIRA E CONTÁBIL DO PODER EXECUTIVO, EXECUTAR AÇÕES RELACIONADAS À GESTÃO DOS ATIVOS SOB RESPONSABILIDADE DA SEF/MG E À APLICAÇÃO DA POLÍTICA DE GESTÃO DE RISCOS FISCAIS.",,,,
2024,FAZENDA,20,FOMENTO E INCENTIVO DE INVESTIMENTOS,1191,SECRETARIA DE ESTADO DE FAZENDA,"INCENTIVAR E FINANCIAR INVESTIMENTOS POR MEIO DE SUPORTE FINANCEIRO AOS PROJETOS DE FOMENTO E DESENVOLVIMENTO DE EMPRESAS LOCALIZADAS NO ESTADO, DE FACILITAÇÃO DA GESTÃO DE ATIVOS E RECEITAS DO ESTADO, DE OTIMIZAÇÃO DA GESTÃO E MELHOR APROVEITAMENTO ECONÔMICO DOS ATIVOS E DE CAPTAÇÃO DE RECURSOS PARA OBRAS E INVESTIMENTOS DO ESTADO.",,,,
2024,DESENVOLVIMENTO ECONÔMICO,125,POLÍTICA DE REGULARIZAÇÃO FUNDIÁRIA E DE GESTÃO DE IMÓVEIS,1221,SECRETARIA DE ESTADO DE DESENVOLVIMENTO ECONÔMICO,"PROMOVER A POLÍTICA DE REGULARIZAÇÃO TERRITORIAL E DE GESTÃO DE ATIVOS IMOBILIÁRIOS ALIENÁVEIS, PROPORCIONANDO O DIREITO FUNDAMENTAL À PROPRIEDADE E A AUTONOMIA DO INDIVÍDUO, O ACESSO AO CRÉDITO, ÀS ISENÇÕES CONSTITUCIONAIS E VALORIZAÇÃO DOS IMÓVEIS REGULARIZADOS, BEM COMO A REGULARIZAÇÃO DE ÁREAS (URBANAS, RURAIS ACIMA DE 100 HECTARES, TERRAS DEVOLUTAS E TERRITÓRIOS TRADICIONAIS) E DE IMÓVEIS ALIENÁVEIS, CONTRIBUINDO PARA UM AMBIENTE DE NEGÓCIOS MAIS SEGURO E PARA ESTADO MAIS EFICIENTE.",,,,
2024,DESENVOLVIMENTO ECONÔMICO,132,MINAS EMPREENDEDORA: ESTADO MAIS SIMPLES E LIVRE PARA SE EMPREENDER,1221,SECRETARIA DE ESTADO DE DESENVOLVIMENTO ECONÔMICO,"PROMOVER INICIATIVAS QUE TORNEM MINAS GERAIS UM ESTADO MAIS LIVRE E SIMPLES PARA SE EMPREENDER, TRABALHAR E PRODUZIR, COM ENFOQUE NOS PEQUENOS NEGÓCIOS, NOS ARRANJOS PRODUTIVOS LOCAIS E NO EMPREENDEDORISMO ARTESANAL VISANDO À GERAÇÃO DE EMPREGO E RENDA.",,,,
2024,DESENVOLVIMENTO ECONÔMICO,133,MINAS GERAÇÃO DE VALOR,1221,SECRETARIA DE ESTADO DE DESENVOLVIMENTO ECONÔMICO,"AUMENTAR A COMPETITIVIDADE DA ECONOMIA DE MINAS GERAIS POR MEIO DA IMPLEMENTAÇÃO DE ESTRATÉGIAS DE AGREGAÇÃO DE VALOR A PRODUTOS E FORTALECIMENTO DAS CADEIAS PRODUTIVAS, INCLUINDO SETORES ECONÔMICOS TRADICIONAIS , ESTIMULAR A DIVERSIFICAÇÃO ECONÔMICA, A ATRAÇÃO E CONVERSÃO DE NOVOS INVESTIMENTOS E ATRAÇÃO DE FORNECEDORES, AUMENTO DA PRODUTIVIDADE DE EMPRESAS POR MEIO DE POLÍTICAS TRANSVERSAIS DE DESENVOLVIMENTO LOGÍSTICO E DE ENERGIA ALÉM DO INCENTIVO À INTERNACIONALIZAÇÃO DA ECONOMIA MINEIRA.",,,,
2024,DESENVOLVIMENTO ECONÔMICO,143,"MG TECH - POLÍTICAS DE CIÊNCIA, TECNOLOGIA E INOVAÇÃO",1221,SECRETARIA DE ESTADO DE DESENVOLVIMENTO ECONÔMICO,"CONTRIBUIR PARA O DESENVOLVIMENTO ECONÔMICO DE MINAS GERAIS MEDIANTE POLÍTICAS DE  CIÊNCIA, TECNOLOGIA E INOVAÇÃO, VISANDO O DESENVOLVIMENTO DE NEGÓCIOS, O AUMENTO DA PRODUTIVIDADE DO SETOR PRODUTIVO, A QUALIFICAÇÃO DO MERCADO DE TRABALHO, FORMAÇÃO E RETENÇÃO DE TALENTOS, TRANSFERÊNCIA DE TECNOLOGIA E A MAIOR CONEXÃO ENTRE INSTITUIÇÕES DE CIÊNCIA E TECNOLOGIA, ENTES PÚBLICOS E O MERCADO.",,,,
2024,"AGRICULTURA, PECUÁRIA E ABASTECIMENTO",118,EDUCAÇÃO E SUCESSÃO RURAL,1231,"SECRETARIA DE ESTADO DE AGRICULTURA, PECUÁRIA E ABASTECIMENTO","PROMOVER A CONTINUIDADE DAS ATIVIDADES REALIZADAS NO CAMPO, BEM COMO GERAÇÃO DE RENDA, TROCA DE CONHECIMENTOS, SABERES, TECNOLOGIAS, GERAÇÃO DE OPORTUNIDADES E MANUTENÇÃO DA FORÇA DE MÃO DE OBRA NO CAMPO.",,,,
2024,"AGRICULTURA, PECUÁRIA E ABASTECIMENTO",110,REGULARIZAÇÃO FUNDIÁRIA - AMPLIAÇÃO DA SEGURANÇA JURÍDICA NO CAMPO,1231,"SECRETARIA DE ESTADO DE AGRICULTURA, PECUÁRIA E ABASTECIMENTO","AÇÕES VOLTADAS À REGULARIZAÇÃO FUNDIÁRIA VISANDO REDUZIR O NÚMERO DE PROPRIEDADES SEM REGISTRO, LEVANDO SEGURANÇA JURÍDICA AOS PRODUTORES RURAIS QUE POSSUEM A POSSE MAS NÃO A PROPRIEDADE DOS IMÓVEIS.",,,,
2024,"AGRICULTURA, PECUÁRIA E ABASTECIMENTO",111,DESENVOLVIMENTO DAS CADEIAS PRODUTIVAS DA AGROPECUÁRIA,1231,"SECRETARIA DE ESTADO DE AGRICULTURA, PECUÁRIA E ABASTECIMENTO","TORNAR MG UM ESTADO FÁCIL PARA INVESTIR, TRABALHAR, REDUZINDO OS ENTRAVES AO EMPREENDEDORISMO NO AGRONEGÓCIO, NA AGRICULTURA FAMILIAR E AGROECOLOGIA, DIFUNDIR CONHECIMENTO AOS JOVENS, COM VISTAS A UM MAIOR INPUT TECNOLÓGICO NAS ATIVIDADES AGROPECUÁRIAS NO MÉDIO PRAZO,CONECTAR PARCEIROS NAS CADEIAS DO AGRONEGÓCIO TENDO COMO OBJETIVO A INOVAÇÃO.",,,,
2024,"AGRICULTURA, PECUÁRIA E ABASTECIMENTO",112,CERTIFICAÇÕES E HABILITAÇÕES DE PRODUTOS AGROPECUÁRIOS E AGROINDUSTRIAIS,1231,"SECRETARIA DE ESTADO DE AGRICULTURA, PECUÁRIA E ABASTECIMENTO","ASSEGURAR AOS CONSUMIDORES QUE OS PRODUTOS AGROPECUÁRIOS E AGROINDUSTRIAIS CERTIFICADOS E/OU HABILITADOS POSSUAM QUALIDADE E SUSTENTABILIDADE EM SEUS SISTEMAS DE PRODUÇÃO, PROPORCIONANDO CONFIANÇA E DIFERENCIAL COMPETITIVO.",,,,
2024,"AGRICULTURA, PECUÁRIA E ABASTECIMENTO",113,GARANTIA DE CONTINUIDADE DA PRODUÇÃO AGROPECUÁRIA,1231,"SECRETARIA DE ESTADO DE AGRICULTURA, PECUÁRIA E ABASTECIMENTO","GARANTIR A RENDA DE AGRICULTORES FAMILIARES EM SITUAÇÃO DE VULNERABILIDADE SOCIAL E/OU EM REGIÕES EM ESTADO DE EMERGÊNCIA, OCASIONADA, PRINCIPALMENTE, POR INTEMPÉRIES CLIMÁTICAS E, TAMBÉM, ASSEGURAR A PRODUÇÃO, PROMOVENDO SUA DIVERSIFICAÇÃO E O AUMENTO NA AGREGAÇÃO DE VALOR DOS PRODUTOS SUBVENCIONADOS.",,,,
2024,"AGRICULTURA, PECUÁRIA E ABASTECIMENTO",114,INFRAESTRUTURA RURAL E AGRICULTURA SUSTENTÁVEL,1231,"SECRETARIA DE ESTADO DE AGRICULTURA, PECUÁRIA E ABASTECIMENTO","MELHORAR A INFRAESTRUTURA RURAL E PROMOVER A SUSTENTABILIDADE, CONTRIBUINDO PARA O DESENVOLVIMENTO SÓCIOECONÔMICO E AMBIENTAL LOCAL E REGIONAL, CONSIDERANDO A CONVIVÊNCIA COM A SECA E INCLUSÃO PRODUTIVA, POR MEIO DO AUMENTO DA DISPONIBLIDIDADE DE ÁGUA PARA USOS MÚLTIPLOS, TAIS COMO ABASTECIMENTO HUMANO, IRRIGAÇÃO, CONTROLE DE CHEIAS, PESCA, AQUICULTURA E PERENIZAÇÃO DOS RIOS, ALÉM DO FOMENTO A MANUTENÇÃO DAS ESTRADAS VICINAIS. PROMOVER A IRRIGAÇÃO SUSTENTÁVEL DA AGRICULTURA FAMILIAR E, TAMBÉM, ARTICULAR AS AÇÕES DE RESPONSABILIDADE DO PODER PÚBLICO ESTADUAL, MEDIANTE MEDIDAS DE ACOMPANHAMENTO, EXECUÇÃO E FISCALIZAÇÃO RELATIVAS AO PROJETO JAÍBA",,,,
2024,"AGRICULTURA, PECUÁRIA E ABASTECIMENTO",108,ACESSO A MERCADOS,1231,"SECRETARIA DE ESTADO DE AGRICULTURA, PECUÁRIA E ABASTECIMENTO","PROMOVER A INSERÇÃO DA AGRICULTURA FAMILIAR NOS DIVERSOS MERCADOS, COM ÊNFASE NOS INSTITUCIONAIS, TENDO COMO FOCO A FORMAÇÃO CONTINUADA, A QUALIFICAÇÃO DA GESTÃO E A REGULARIZAÇÃO E O FORTALECIMENTO DAS AGROINDÚSTRIAS FAMILIARES",,,,
2024,"AGRICULTURA, PECUÁRIA E ABASTECIMENTO",116,INOVA AGRO GERAIS,1231,"SECRETARIA DE ESTADO DE AGRICULTURA, PECUÁRIA E ABASTECIMENTO","FOMENTAR A INOVAÇÃO E A EVOLUÇÃO TECNOLÓGICA, OBJETIVANDO CONECTAR PRODUTORES E DEMAIS ATORES DAS CADEIAS PRODUTIVAS DO AGRONEGÓCIO,PROPORCIONAR TRANSFORMAÇÕES TECNOLÓGICAS QUE GEREM IMPACTOS POSITIVOS NAS ATIVIDADES E/OU PROCESSOS, DOS PRODUTORES E AGRICULTORES FAMILIARES, PROMOVER A MODERNIZAÇÃO, POR MEIO DA INCLUSÃO DO AGRICULTOR FAMILIAR, REDUZINDO OS ENTRAVES AO ACESSO TECNOLÓGICO E GERANDO VALOR PARA O AGRONEGÓCIO MINEIRO.",,,,
2024,POLÍCIA MILITAR DO ESTADO DE MINAS GERAIS,135,PROTEÇÃO SOCIAL DOS MILITARES,1251,POLÍCIA MILITAR DO ESTADO DE MINAS GERAIS,"PROMOVER O BEM-ESTAR E A QUALIDADE DE VIDA DA FAMÍLIA POLICIAL MILITAR, EM ESPECIAL A SAÚDE INTEGRAL DO POLICIAL MILITAR PARA O CUMPRIMENTO DA MISSÃO POR MEIO DE ASSISTÊNCIA MÉDICA, PSICOLÓGICA E ODONTOLÓGICA.CONTRIBUIR PARA O APRIMORAMENTO, AMPLIAÇÃO E EFECIÊNCIA DOS SERVIÇOS PRESTADOS PELA REDE ORGÂNICA.PROPICIAR A MELHORIA DO DESEMPENHO PROFISSIONAL COM FOCO NOS RESULTADOS E AUMENTAR A EFICIÊNCIA NO EMPREGO DO RECURSO PÚBLICO. ",,,,
2024,POLÍCIA MILITAR DO ESTADO DE MINAS GERAIS,136,EDUCAÇÃO ESCOLAR,1251,POLÍCIA MILITAR DO ESTADO DE MINAS GERAIS,"DESENVOLVER AÇÕES COM VISTAS A UMA EDUCAÇÃO DE QUALIDADE E ACESSÍVEL PRIORITARIAMENTE, AOS DEPENDENTES DOS MILITARES E SERVIDORES CIVIS DA PMMG E CBMMG",,,,
2024,POLÍCIA MILITAR DO ESTADO DE MINAS GERAIS,137,POLÍCIA OSTENSIVA,1251,POLÍCIA MILITAR DO ESTADO DE MINAS GERAIS,ASSEGURAR A PRESERVAÇÃO DA ORDEM PÚBLICA E A INCOLUMIDADE DAS PESSOAS E DO PATRIMÔNIO PÚBLICO E PRIVAD.,,,,
2024,EDUCAÇÃO,162,GESTÃO DE PESSOAL DA ÁREA EDUCACIONAL,1261,SECRETARIA DE ESTADO DE EDUCAÇÃO,"DESENVOLVER AÇÕES CONJUNTAS DE GESTÃO DE RECURSOS HUMANOS DE MODO A GARANTIR À REDE PÚBLICA ESTADUAL DE ENSINO DE MINAS GERAIS O PROVIMENTO DE PROFISSIONAIS DA EDUCAÇÃO, DIMENSIONANDO, SELECIONANDO E ALOCANDO-OS POR MEIO DE SISTEMAS INTEGRADOS, BEM COMO ORIENTAR E ACOMPANHAR O SEU DESENVOLVIMENTO HUMANO ORGANIZACIONAL, COM VISTA A CONSOLIDAÇÃO  DO PLANEJAMENTO GOVERNAMENTAL E INSTITUCIONAL DA SEE.",,,,
2024,EDUCAÇÃO,163,ALIMENTAÇÃO ESCOLAR,1261,SECRETARIA DE ESTADO DE EDUCAÇÃO,"OFERTAR ALIMENTAÇÃO SAUDÁVEL E ADEQUADA PARA OS ESTUDANTES, PARA SUPRIR PARCIALMENTE SUAS NECESSIDADES NUTRICIONAIS",,,,
2024,EDUCAÇÃO,164,APOIO AO ENSINO SUPERIOR,1261,SECRETARIA DE ESTADO DE EDUCAÇÃO,PROMOVER A MELHORIA DE ENSINO DE QUALIDADE DO ESTADO DE MINAS GERAIS POR MEIO DE INVESTIMENTO E REPASSE DE RECURSOS PARA INSTITUIÇÕES DE ENSINO SUPERIOR PARA DESENVOLVEREM PROJETOS E AÇÕES.,,,,
2024,EDUCAÇÃO,165,"ORGANIZAÇÃO, AVALIAÇÃO E GESTÃO ESCOLAR",1261,SECRETARIA DE ESTADO DE EDUCAÇÃO,"FORTALECER A GESTÃO ESCOLAR, POR MEIO DO DESENVOLVIMENTO DE AÇÕES INOVADORAS E PARCERIAS, PARA MELHORIA DA APRENDIZAGEM DOS ESTUDANTES, E ESTABELECER AÇÕES DE PARTICIPAÇÃO DAS ESCOLAS ESTADUAIS E DOS ESTUDANTES NAS AVALIAÇÕES EXTERNAS QUE MENSURAM OS ÍNDICES DE QUALIDADE DA APRENDIZAGEM.",,,,
2024,EDUCAÇÃO,167,APOIO PEDAGÓGICO PARA O DESENVOLVIMENTO DA EDUCAÇÃO BÁSICA,1261,SECRETARIA DE ESTADO DE EDUCAÇÃO,"GARANTIR À POPULAÇÃO MINEIRA O ACESSO AOS ENSINOS FUNDAMENTAL E MÉDIO E À EDUCAÇÃO PROFISSIONAL DE QUALIDADE, POR MEIO DA EXPANSÃO DO ACESSO À EDUCAÇÃO BÁSICA E DA OFERTA DE CURSOS TÉCNICOS E/OU DE QUALIFICAÇÃO PROFISSIONAL, DA MELHORIA DO FLUXO ESCOLAR, DO APRIMORAMENTO DA APRENDIZAGEM E DO DESENVOLVIMENTO DE UM CURRÍCULO INTEGRADO, COM AMPLIAÇÃO DA CARGA HORÁRIA DOS ESTUDANTES.",,,,
2024,EDUCAÇÃO,168,GESTÃO DE INFRAESTRUTURA EDUCACIONAL,1261,SECRETARIA DE ESTADO DE EDUCAÇÃO,"GARANTIR O FUNCIONAMENTO ADEQUADO DAS UNIDADES EDUCACIONAIS DE EDUCAÇÃO BÁSICA, POR MEIO DO PROVIMENTO ADEQUADO DE INFRAESTRUTURA FÍSICA E OPERACIONAL (OBRAS, MOBILIÁRIO, EQUIPAMENTOS, TECNOLOGIA DE INFORMAÇÃO E CUSTEIO DAS UNIDADES DE ENSINO) E DESENVOLVER AÇÕES DE PLANEJAMENTO DO ATENDIMENTO ESCOLAR.",,,,
2024,EDUCAÇÃO,169,SUPORTE AO SISTEMA EDUCACIONAL MINEIRO,1261,SECRETARIA DE ESTADO DE EDUCAÇÃO,"DESENVOLVER AÇÕES ADMINISTRATIVAS E FINANCEIRAS VISANDO A GARANTIR RECURSOS HUMANOS, MATERIAIS, FINANCEIROS, TÉCNICOS E INSTITUCIONAIS NECESSÁRIOS À EXECUÇÃO DAS POLÍTICAS PÚBLICAS A CARGO DO ESTADO DE MINAS GERAIS.",,,,
2024,EDUCAÇÃO,170,MODALIDADES E TEMATICAS ESPECIAIS DE ENSINO,1261,SECRETARIA DE ESTADO DE EDUCAÇÃO,"FORTALECER, VALORIZAR, PRESERVAR E REAFIRMAR, POR MEIO DE PROPOSTAS PEDAGÓGICAS ESPECÍFICAS, AS CULTURAS E A IDENTIDADE DAS COMUNIDADES ESCOLARES DO CAMPO, INDÍGENAS E QUILOMBOLAS EM MINAS GERAIS, GARANTINDO ACESSO E PERMANÊNCIA À EDUCAÇÃO BÁSICA, CORROBORANDO COM A PROMOÇÃO DA IGUALDADE E EQUIDADE RACIAL, PROMOVER A DISCUSSÃO, ENTRE OS INTEGRANTES DA COMUNIDADE ESCOLAR, SOBRE A DIVERSIDADE E OS DIREITOS HUMANOS NO AMBIENTE DA ESCOLA, DE FORMA A CONSCIENTIZÁ-LOS PARA A IMPORT NCIA DE RECONHECER E RESPEITAR A TODOS, EM SUAS CARACTERÍSTICAS FÍSICAS, INTELECTUAIS, PSICOLÓGICAS, ÉTNICAS, SOCIOCULTURAIS, ETÁRIAS E DE GÊNERO, CONTRIBUINDO PARA A REDUÇÃO DA VIOLÊNCIA NAS ESCOLAS, POSSIBILITAR MAIOR PARTICIPAÇÃO, MOBILIZAÇÃO SOCIAL, PROTAGONISMO E EMANCIPAÇÃO DOS JOVENS, GARANTIR A ESCOLARIZAÇÃO DOS ADOLESCENTES EM CUMPRIMENTO DE MEDIDAS SOCIOEDUCATIVAS, PROMOVER AÇÕES DE SAÚDE E EDUCAÇÃO AMBIENTAL NAS ESCOLAS.",,,,
2024,EDUCAÇÃO,172,COOPERAÇÃO ESTADO-MUNICÍPIO NA ÁREA EDUCACIONAL,1261,SECRETARIA DE ESTADO DE EDUCAÇÃO,"FORTALECER O REGIME DE COOPERAÇÃO ENTRE ESTADO E MUNICÍPIOS BUSCANDO A MELHORA NA QUALIDADE DA EDUCAÇÃO EM MINAS GERAIS, COM OBJETIVO ASSEGURAR A UNIVERSALIZAÇÃO DO ENSINO OBRIGATÓRIO EM MINAS GERAIS, BUSCANDO PROMOVER A MELHORIA CONTÍNUA DA APRENDIZAGEM, DO ACESSO E DA PERMANÊNCIA DOS ESTUDANTES EM TODO O TERRITÓRIO.",,,,
2024,CULTURA E TURISMO,100,MAIS TURISTAS,1271,SECRETARIA DE ESTADO DE CULTURA E TURISMO,"AMPLIAR O FLUXO TURÍSTICO NO ESTADO, POR MEIO DA DIVERSIFICAÇÃO DOS DESTINOS E DA OFERTA DE PRODUTOS TURÍSTICOS, IMPULSIONANDO ASSIM A GERAÇÃO DE EMPREGO E RENDA, BEM COMO A ATRAÇÃO DE INVESTIMENTOS E NEGÓCIOS PARA O ESTADO.",,,,
2024,CULTURA E TURISMO,102,FOMENTO À ECONOMIA DA CRIATIVIDADE,1271,SECRETARIA DE ESTADO DE CULTURA E TURISMO,"ESTIMULAR A CULTURA E IMPULSIONAR A ECONOMIA DA CRIATIVIDADE EM TODO O TERRITÓRIO DE MINAS GERAIS, POR MEIO DE INVESTIMENTOS DIRETOS E INDIRETOS EM PROJETOS CULTURAIS, REDES DE COMPARTILHAMENTO DE BOAS PRÁTICAS E FOMENTO A PARCERIAS. OFERECER CAPACITAÇÃO E ORIENTAÇÃO AOS PROPONENTES E INCENTIVADORES DOS MECANISMOS DE FINANCIAMENTO À CULTURA.ACOMPANHAR E MONITORAR OS PROJETOS APROVADOS NOS MECANISMOS DE FINANCIAMENTO À CULTURA.CRIAR, APOIAR, INCENTIVAR E IMPLEMENTAR POLÍTICAS PÚBLICAS E AÇÕES QUE DEMOCRATIZEM O ACESSO À CULTURA E AOS MECANISMOS DE PRODUÇÃO CULTURAL, COM O OBJETIVO DE AMPLIAR REDES E ATIVIDADES DE DISTRIBUIÇÃO, E PROMOVER A DIFUSÃO DO PATRIMÔNIO ARQUIVÍSTICO, BIBLIOGRÁFICO, MUSEOLÓGICO, ARTÍSTICO E CULTURAL DE MINAS GERAIS EM DIFERENTES ESPAÇOS.ESTIMULAR O FOMENTO À CULTURA E O DESENVOLVIMENTO DA INFRAESTRUTURA TURÍSTICA NOS MUNICÍPIOS POR MEIO DE PARCERIAS.PRESERVAR O PATRIMÔNIO CULTURAL MATERIAL E IMATERIAL, PROMOVENDO A VALORIZAÇÃO E SALVAGUARDA DAS EXPRESSÕES CULTURAIS PRESENTES NO ESTADO.FAVORECER A CONSTRUÇÃO DE CONHECIMENTO E A PARTICIPAÇÃO SOCIAL PARA O APERFEIÇOAMENTO DA GESTÃO, PROTEÇÃO, SALVAGUARDA, VALORIZAÇÃO E USUFRUTO DO PATRIMÔNIO CULTURAL, ALÉM DE FORMAR E INSTRUMENTALIZAR MULTIPLICADORES PARA SUA PRESERVAÇÃO. CONSOLIDAR O SISTEMA DE FINANCIAMENTO À CULTURA E IMPLEMENTAR NOVOS MECANISMOS DE FINANCIAMENTO, EM PARCERIA COM O SETOR PRIVADO E A SOCIEDADE, PARA INCENTIVAR OPÇÕES TURÍSTICAS E CULTURAIS, GARANTIR A PRESERVAÇÃO DO PATRIMÔNIO MATERIAL E IMATERIAL E ESTIMULAR A CADEIA PRODUTIVA DO TURISMO E DA CULTURA.",,,,
2024,CULTURA E TURISMO,103,"ESPAÇOS CULTURAIS, CORPOS ARTÍSTICOS E ÓRGÃOS COLEGIADOS",1271,SECRETARIA DE ESTADO DE CULTURA E TURISMO,"VIABILIZAR A IMPLANTAÇÃO, RESTAURAÇÃO, REQUALIFICAÇÃO, MODERNIZAÇÃO, PRESERVAÇÃO E MANUTENÇÃO DOS ESPAÇOS CULTURAIS, PROPORCIONANDO CONDIÇÕES NECESSÁRIAS PARA O DESENVOLVIMENTO ADEQUADO DE SUAS ATIVIDADES ESPECÍFICAS, GARANTINDO-SE DESTINAÇÃO QUALIFICADA PARA AS EDIFICAÇÕES E FORTALECENDO O RECONHECIMENTO E A APROPRIAÇÃO, POR PARTE DA SOCIEDADE, DOS BENS CULTURAIS QUE COMPÕEM SEU PATRIMÔNIO COLETIVO, PERMITINDO ASSIM VISITAÇÃO PRESENCIAL E VIRTUAL AO ACERVO PELO PÚBLICO EM GERAL.  VIABILIZAR A MOBILIZAÇÃO DE RECURSOS HUMANOS, MATERIAIS E FINANCEIROS EM PARCERIAS PÚBLICO-PRIVADAS IMPLEMENTAR, RENOVAR, ATUALIZAR, PROTEGER E CUIDAR DOS RECURSOS CULTURAIS, ASSEGURANDO AS CONDIÇÕES ESSENCIAIS PARA O DESENVOLVIMENTO ADEQUADO DE SUAS ATIVIDADES DISTINTAS. GARANTIR A DESTINAÇÃO QUALIFICADA DAS EDIFICAÇÕES, FORTALECENDO O RECONHECIMENTO E O ENVOLVIMENTO DA SOCIEDADE COM OS BENS CULTURAIS QUE FAZEM PARTE DE SEU PATRIMÔNIO COLETIVO.PROMOVER A DEMOCRATIZAÇÃO DO ACESSO AOS ESPAÇOS CULTURAIS, POR MEIO DA IMPLEMENTAÇÃO DE TECNOLOGIAS ASSISTIVAS E ESTRATÉGIAS BILÍNGUES, VISANDO GARANTIR A PLENA PARTICIPAÇÃO E FRUIÇÃO CULTURAL DE TODAS AS PESSOAS.PROMOVER A CONSECUÇÃO DE UM AMBIENTE CULTURAL SUSTENTÁVEL E DE FÁCIL ACESSO, GARANTINDO A VIABILIDADE ECONÔMICA, SOCIAL E AMBIENTAL DAS INSTITUIÇÕES QUE INTEGRAM O SISTEMA CULTURAL. IMPULSIONAR DE FORMA EFETIVA E TRANSPARENTE A UTILIZAÇÃO DOS ESPAÇOS CULTURAIS DISPONÍVEIS NO ÂMBITO ESTADUAL, MEDIANTE PROCESSOS DE CONCESSÃO, CHAMAMENTOS PÚBLICOS, OCUPAÇÕES CULTURAIS E ARTÍSTICAS, VISANDO AMPLIAR E APRIMORAR A OCUPAÇÃO DESSES LOCAIS. BUSCA-SE ASSEGURAR UM APROVEITAMENTO INTEGRAL E DIVERSIFICADO DOS ESPAÇOS, POR MEIO DA IMPLEMENTAÇÃO DE ESTRATÉGIAS E AÇÕES EFICAZES QUE PROMOVAM A FRUIÇÃO CULTURAL E O ENVOLVIMENTO DA COMUNIDADE.GERIR OS ÓRGÃOS COLEGIADOS PROPORCIONANDO APOIO E INCENTIVO À REALIZAÇÃO DE POLÍTICAS PÚBLICAS E AÇÕES DE ESTÍMULO À AMPLIAÇÃO DO ACESSO À CULTURA E AO TURISMO, BEM COMO AOS SEUS MECANISMOS DE PRODUÇÃO ATRAVÉS DA PARTICIPAÇÃO.",,,,
2024,CULTURA E TURISMO,105,FORMAÇÃO E CAPACITAÇÃO TÉCNICO-CULTURAL,1271,SECRETARIA DE ESTADO DE CULTURA E TURISMO,"PROMOVER E FORTALECER A PROFISSIONALIZAÇÃO DAS ATIVIDADES ARTÍSTICO-CULTURAIS DO ESTADO E O FOMENTO DA CADEIA PRODUTIVA DA CULTURA, COM ESTRATÉGIAS, AÇÕES E POLÍTICAS PÚBLICAS ADEQUADAS À DINÂMICA DE CADA ÁREA, INCENTIVANDO E APOIANDO SUA DESCENTRALIZAÇÃO E REGIONALIZAÇÃO. QUALIFICAR E FORMAR PROFISSIONAIS NO CAMPO DAS ARTES, CONSERVAÇÃO E RESTAURAÇÃO DE BENS MÓVEIS, INTEGRADOS E IMÓVEIS, DE OFÍCIOS TRADICIONAIS E CONTEMPORÂNEOS, ALÉM DE SERVIDORES PÚBLICOS E POPULAÇÃO, ATUANTES NA PRODUÇÃO CULTURAL E ECONOMIA CRIATIVA. OFERECER CURSOS COMPLEMENTARES, LIVRES, DE FORMAÇÃO INICIAL E CONTINUADA, BEM COMO TÉCNICOS NAS ÁREAS DE ARTES VISUAIS, DANÇA, MÚSICA, TEATRO, TECNOLOGIA DA CENA, AUDIOVISUAL, PRESERVAÇÃO, CONSERVAÇÃO E RESTAURAÇÃO DO PATRIMÔNIO CULTURAL.AMPLIAR O ALCANCE DAS AÇÕES CULTURAIS, SUBSIDIANDO E ORIENTANDO O DESENVOLVIMENTO, APRIMORAMENTO E INCREMENTO DAS ATIVIDADES CULTURAIS EM TODO O ESTADO, DISSEMINANDO INFORMAÇÕES E GARANTINDO O FORTALECIMENTO E A PROFISSIONALIZAÇÃO DA PRODUÇÃO CULTURAL E ARTÍSTICA NO ESTADO.PROMOVER O APERFEIÇOAMENTO DA GESTÃO, PROTEÇÃO, SALVAGUARDA, VALORIZAÇÃO E USUFRUTO DO PATRIMÔNIO CULTURAL.PROMOVER RESIDÊNCIAS ARTÍSTICAS E CURSOS DE APERFEIÇOAMENTO NO CAMPO DE PESQUISA EM ARTES E EM TODAS AS LINGUAGENS ARTÍSTICAS. VIABILIZAR A MOBILIZAÇÃO DE RECURSOS HUMANOS, MATERIAIS E FINANCEIROS PARA FORTALECIMENTO E OTIMIZAÇÃO DE AÇÕES QUALIFICADAS POR MEIO DE PARCERIAS COM ORGANIZAÇÕES PÚBLICAS E PRIVADAS.",,,,
2024,CULTURA E TURISMO,106,PROTEÇÃO E SALVAGUARDA DE ACERVOS E BENS CULTURAIS,1271,SECRETARIA DE ESTADO DE CULTURA E TURISMO,"GERIR E PRESERVAR OS ACERVOS ARQUIVÍSTICOS, BIBLIOGRÁFICOS E MUSEOLÓGICOS, IMPLEMENTADO TECNOLOGIAS ASSISTIVAS, VISANDO APRIMORAR OS SERVIÇOS PRESTADOS A POPULAÇÃO DE FORMA ACESSÍVEL.  OTIMIZAR A GESTÃO DE DOCUMENTOS NOS ÓRGÃOS DO PODER EXECUTIVO DO ESTADO DE MINAS GERAIS GARANTINDO O CONTROLE EFETIVO DA PRODUÇÃO, CLASSIFICAÇÃO, TRAMITAÇÃO, USO, AVALIAÇÃO, DESTINAÇÃO, PRESERVAÇÃO E ACESSO AOS DOCUMENTOS PÚBLICOS E PRIVADOS DE INTERESSE PÚBLICO PARA O REGISTRO DA MEMÓRIA E APOIO AO DESENVOLVIMENTO DE POLÍTICAS PÚBLICAS. GARANTIR O DIREITO DA SOCIEDADE À IDENTIDADE CULTURAL, PROMOVENDO A PRESERVAÇÃO DE BENS MATERIAIS E IMATERAIS REPRESENTATIVOS DA CULTURA MINEIRA EM SUAS DIVERSAS MANIFESTAÇÕES, CONTEXTOS E ÉPOCAS, POR MEIO DE UMA POLÍTICA DE PRESERVAÇÃO EFETIVA ENVOLVENDO BENS DE VALOR HISTÓRICO, ARTÍSTICO, CULTURAL E ARQUITETÔNICO.ADEQUAR AS INSTALAÇÕES E OS ESPAÇOS FÍSICOS DOS BENS TOMBADOS, TORNANDO-AS ACESSÍVEIS PARA PESSOAS COM DEFICIÊNCIA, COM FOCO NA CONSERVAÇÃO E PRESERVAÇÃO. CONTRIBUIR PARA A PRESERVAÇÃO DO PATRIMÔNIO CULTURAL, POR MEIO DE AÇÕES DE CONSERVAÇÃO E RESTAURAÇÃO DE ACERVOS CULTURAIS.GARANTIR O ACESSO À INFORMAÇÃO, SEJA PARA DEFESA DE DIREITOS PARTICULARES E COLETIVOS OU PARA A PRODUÇÃO DO CONHECIMENTO CIENTÍFICO OU PARA CONSTRUÇÃO E DESENVOLVIMENTO DE POLÍTICAS PÚBLICAS.",,,,
2024,"INFRAESTRUTURA, MOBILIDADE E PARCERIAS",85,PROMOÇÃO DE CONCESSÕES E PARCERIAS,1301,"SECRETARIA DE ESTADO DE INFRAESTRUTURA, MOBILIDADE E PARCERIAS",PROMOÇÃO DE INVESTIMENTOS EM INFRAESTRUTURA E DA DISPONIBILIZAÇÃO DE SERVIÇOS E UTILIDADES PÚBLICAS POR MEIO DE PARCERIAS SUSTENTÁVEIS E EFICIENTES COM A INICIATIVA PRIVADA.,,,,
2024,"INFRAESTRUTURA, MOBILIDADE E PARCERIAS",117,"MOBILIDADE, TRANSPORTES E LOGÍSTICA",1301,"SECRETARIA DE ESTADO DE INFRAESTRUTURA, MOBILIDADE E PARCERIAS","PROMOVER O APRIMORAMENTO DO SISTEMA MOBILIDADE, TRANSPORTES E LOGÍSTICA, VISANDO PROPORCIONAR UMA INFRAESTRUTURA EFICIENTE, SUSTENTÁVEL E INTEGRADA QUE ATENDA ÀS NECESSIDADES DE DESLOCAMENTO DA POPULAÇÃO, OTIMIZE O FLUXO DE MERCADORIAS E ESTIMULE O DESENVOLVIMENTO SOCIOECONÔMICO DO ESTADO DE MINAS GERAIS.",,,,
2024,"INFRAESTRUTURA, MOBILIDADE E PARCERIAS",99,"DESENVOLVIMENTO DA INFRAESTRUTURA ESTADUAL, MUNICIPAL E REGIONAL",1301,"SECRETARIA DE ESTADO DE INFRAESTRUTURA, MOBILIDADE E PARCERIAS","DIRECIONAR INVESTIMENTOS PARA INFRAESTRUTURA VIÁRIA E PARA CONSTRUÇÃO, REFORMA E AMPLIAÇÃO DE EQUIPAMENTOS PÚBLICOS.",,,,
2024,"INFRAESTRUTURA, MOBILIDADE E PARCERIAS",77,CAMINHOS PARA O DESENVOLVIMENTO INTEGRADO METROPOLITANO,1301,"SECRETARIA DE ESTADO DE INFRAESTRUTURA, MOBILIDADE E PARCERIAS","PROMOVER IINICIATIVAS INOVADORAS PARA O DESENVOLVIMENTO INTEGRADO DAS REGIÕES METROPOLITANAS DE BELO HORIZONTE E DO VALE DO AÇO, COM  MELHORIA DO AMBIENTE EMPREENDEDOR E APOIO NA GERAÇÃO DE NOVOS NEGÓCIOS.",,,,
2024,MEIO AMBIENTE E DESENVOLVIMENTO SUSTENTÁVEL,21,SANEAMENTO E RESÍDUOS ESPECIAIS,1371,SECRETARIA DE ESTADO DE MEIO AMBIENTE E DESENVOLVIMENTO SUSTENTÁVEL,"ATUAR NO DESENVOLVIMENTO DE INSTRUMENTOS PARA A PROMOÇÃO DA MELHORIA DAS POLÍTICAS PÚBLICAS DE SANEAMENTO E GESTÃO DE RESÍDUOS, MEIO AMBIENTE, VISANDO À PRESERVAÇÃO E AO USO SUSTENTÁVEL DOS RECURSOS NATURAIS E HÍDRICOS, À PROMOÇÃO DO BEM-ESTAR SOCIAL E QUALIDADE DE VIDA.",,,,
2024,MEIO AMBIENTE E DESENVOLVIMENTO SUSTENTÁVEL,27,GESTÃO AMBIENTAL.,1371,SECRETARIA DE ESTADO DE MEIO AMBIENTE E DESENVOLVIMENTO SUSTENTÁVEL,"ATUAR NA IMPLANTAÇÃO DE POLÍTICAS PÚBLICAS PARA A PROMOÇÃO DA GESTÃO AMBIENTAL, EDUCAÇÃO AMBIENTAL E EDUCAÇÃO HUMANITÁRIA PARA O MANEJO ETICO, GUARDA RESPONSÁVEL, PROTEÇÃO E BEM-ESTAR DA FAUNA DOMÉSTICA, MELHORIA DA QUALIDADE AMBIENTAL POR MEIO DA GESTÃO DA QUALIDADE DO AR, DO  SOLO  E  DE  EFLUENTES  LÍQUIDOS  INDUSTRIAIS, BEM COMO PROMOVER A MITIGAÇÃO DE GASES DE EFEITO ESTUFA E A ADAPTAÇÃO AOS IMPACTOS CAUSADOS PELAS MUDANÇAS CLIMÁTICAS, VISANDO AO DESENVOLVIMENTO SUSTENTÁVEL E RESILIENTE ÀS MUDANÇAS CLIMÁTICAS, À TRANSIÇÃO PARA UMA ECONOMIA DE BAIXO CARBONO, À PRESERVAÇÃO E AO USO SUSTENTÁVEL DOS RECURSOS NATURAIS E HÍDRICOS, À PROMOÇÃO DO BEM-ESTAR SOCIAL E QUALIDADE DE VIDA.",,,,
2024,MEIO AMBIENTE E DESENVOLVIMENTO SUSTENTÁVEL,25,"MONITORAMENTO, CONTROLE E FISCALIZAÇÃO AMBIENTAL",1371,SECRETARIA DE ESTADO DE MEIO AMBIENTE E DESENVOLVIMENTO SUSTENTÁVEL,"PROPORCIONAR À POPULAÇÃO MINEIRA UMA FISCALIZAÇÃO AMBIENTAL MODERNA, EFICAZ E EFICIENTE, COM O PROPÓSITO DE PROTEGER E RESGUARDAR A QUALIDADE AMBIENTAL NO ESTADO.",,,,
2024,CORPO DE BOMBEIROS MILITAR DO ESTADO DE MINAS GERAIS,53,ATENDIMENTO PRÉ-HOSPITALAR,1401,CORPO DE BOMBEIROS MILITAR DO ESTADO DE MINAS GERAIS,"REDUÇÃO DA MORBIDADE E DA MORTALIDADE EVITÁVEIS POR MEIO DO APERFEIÇOAMENTO DO SISTEMA DE ATENDIMENTO A URGÊNCIAS E EMERGÊNCIAS PRÉ-HOSPITALARES, BUSCA E SALVAMENTO (ATENDIMENTO PRIMÁRIO), TRANSPORTE INTER-HOSPITALAR (ATENDIMENTO SECUNDÁRIO), TRANSPORTE DE ÓRGÃOS E TECIDOS PARA TRANSPLANTES E APOIO À FORÇA ESTADUAL DE SAÚDE DO ESTADO DE MINAS GERAIS. ",,,,
2024,DEFENSORIA PÚBLICA,726,ACESSO À JUSTIÇA,1441,DEFENSORIA PUBLICA DO ESTADO DE MINAS GERAIS,"PROMOVER, COMO EXPRESSÃO E INSTRUMENTO DO REGIME DEMOCRÁTICO, FUNDAMENTALMENTE, O ACESSO À JUSTIÇA COM A ORIENTAÇÃO JURÍDICA, A PROMOÇÃO DOS DIREITOS HUMANOS E A DEFESA, EM TODOS OS GRAUS, JUDICIAL E EXTRAJUDICIAL, DOS DIREITOS INDIVIDUAIS E COLETIVOS, DE FORMA INTEGRAL E GRATUITA, AOS NECESSITADOS, NA FORMA DO INCISO LXXIV DO ART. 5º DA CONSTITUIÇÃO FEDERAL.",,,,
2024,JUSTIÇA E SEGURANÇA PÚBLICA,134,GESTÃO INTEGRADA DE SEGURANÇA PÚBLICA,1451,SECRETARIA DE ESTADO DE JUSTIÇA E SEGURANÇA PÚBLICA,"PROMOVER A QUALIDADE DA ATUAÇÃO E INTEGRAÇÃO DE AÇÕES E INFORMAÇÕES DO SISTEMA DE SEGURANÇA PÚBLICA, OBJETIVANDO A REDUÇÃO DA INCIDÊNCIA DE CRIMES, CONTRAVENÇÕES, VIOLÊNCIAS, ACIDENTES E VIOLAÇÕES DE DIREITOS.",,,,
2024,JUSTIÇA E SEGURANÇA PÚBLICA,129,PREVENÇÃO À CRIMINALIDADE,1451,SECRETARIA DE ESTADO DE JUSTIÇA E SEGURANÇA PÚBLICA,"CONTRIBUIR PARA PREVENÇÃO E REDUÇÃO DE VIOLÊNCIAS E CRIMINALIDADES INCIDENTES SOBRE DETERMINADOS TERRITÓRIOS E GRUPOS MAIS VULNERÁVEIS A ESSES FENÔMENOS, CONSOLIDAR A FILOSOFIA DE POLICIAMENTO COMUNITÁRIO, PREVENÇÃO ATIVA E SEGURANÇA CIDADÃ, E CONTRIBUIR PARA O AUMENTO DA SENSAÇÃO DE SEGURANÇA NO ESTADO DE MINAS GERAIS.",,,,
2024,JUSTIÇA E SEGURANÇA PÚBLICA,130,INFRAESTRUTURA DO SISTEMA PRISIONAL,1451,SECRETARIA DE ESTADO DE JUSTIÇA E SEGURANÇA PÚBLICA,"GARANTIR A ADEQUAÇÃO DO CONJUNTO DE INSTALAÇÕES, EQUIPAMENTOS E SERVIÇOS PARA OSISTEMA PRISIONAL, DE FORMA A PROVER UMA CUSTÓDIA MAIS HUMANIZADA E CONDIÇÕES DETRABALHO APROPRIADAS AOS POLICIAIS PENAIS/AGENTES DE SEGURANÇA PENITENCIÁRIA, ANALISTAS,ASSISTENTES E DEMAIS PROFISSIONAIS, IMPACTANDO POSITIVAMENTE, POR FIM, OS ÍNDICES DERESSOCIALIZAÇÃO.",,,,
2024,JUSTIÇA E SEGURANÇA PÚBLICA,146,PROMOÇÃO DA POLÍTICA SOCIOEDUCATIVA PARA ATENDIMENTO AOS ADOLESCENTES EM CONFLITO COM A LEI,1451,SECRETARIA DE ESTADO DE JUSTIÇA E SEGURANÇA PÚBLICA,"OFERTAR ATENDIMENTO QUALIFICADO AOS ADOLESCENTES EM CUMPRIMENTO DE MEDIDA SOCIOEDUCATIVA, PROMOVENDO A RESPONSABILIZAÇÃO, O ACESSO A DIREITOS E A REINSERÇÃO SOCIAL, CONTRIBUINDO PARA O ROMPIMENTO DA TRAJETÓRIA INFRACIONAL E PARA A REDUÇÃO DOS ÍNDICES DE VIOLÊNCIA E DE CRIMINALIDADE.",,,,
2024,JUSTIÇA E SEGURANÇA PÚBLICA,141,POLÍTICAS SOBRE DROGAS,1451,SECRETARIA DE ESTADO DE JUSTIÇA E SEGURANÇA PÚBLICA,"PLANEJAR, COORDENAR E SUPERVISIONAR A IMPLEMENTAÇÃO DE POLÍTICAS SOBRE DROGAS EM MINAS GERAIS, FOMENTANDO  A DESCENTRALIZAÇÃO DE AÇÕES DE  PREVENÇÃO,  ATENÇÃO,  CUIDADO,  TRATAMENTO,  APOIO,  MÚTUA AJUDA E  REINSERÇÃO SOCIAL E ECONÔMICA DE PESSOAS COM DEPENDÊNCIA DE DROGAS LÍCITAS E ILÍCITAS, PROMOVENDO A FORMAÇÃO  E  O LEVANTAMENTO DE DADOS BASEADOS EM EVIDÊNCIAS CIENTÍFICAS, ARTICULANDO E FORTALECENDO A ATUAÇÃO DE REDES GOVERNAMENTAIS E NÃO GOVERNAMENTAIS E REALIZANDO A GESTÃO DE ATIVOS PERDIDOS E APREENDIDOS EM FAVOR DA UNIÃO EM DECORRÊNCIA DO TRÁFICO DE DROGAS.",,,,
2024,DESENVOLVIMENTO SOCIAL,148,APOIO ÀS POLÍTICAS DE DESENVOLVIMENTO SOCIAL,1481,SECRETARIA DE ESTADO DE DESENVOLVIMENTO SOCIAL,"PROMOVER A EFICÁCIA DE CONVÊNIOS E PARCERIAS, DESDE A CELEBRAÇÃO, ATRAVÉS DA EXECUÇÃO, MONITORAMENTO, PRESTAÇÃO DE CONTAS, BAIXA CONTÁBIL, BEM COMO NA RECUPERAÇÃO DE DANO AO ERÁRIO CONTRIBUINDO PARA A BOA E REGULAR UTILIZAÇÃO DOS RECURSOS PÚBLICOS E DESENVOLVIMENTO DAS POLÍTICAS PÚBLICAS VINCULADAS A SEDESE, MEDIANTE APOIO ÀS ORGANIZAÇÕES DA SOCIEDADE CIVIL SEM FINS LUCRATIVOS E OS MUNICÍPIOS NO DESENVOLVIMENTO DE AÇÕES DE INFRAESTRUTURA, AQUISIÇÃO DE BENS, MANUTENÇÃO E MELHORIA DE ATIVIDADES, COM VISTAS A MINIMIZAR VULNERABILIDADES SOCIAIS E ENFRENTAMENTO À POBREZA.",,,,
2024,DESENVOLVIMENTO SOCIAL,86,POLÍTICA DOS DIREITOS DAS MULHERES,1481,SECRETARIA DE ESTADO DE DESENVOLVIMENTO SOCIAL,"PROMOVER, DEFENDER E GARANTIR OS DIREITOS DAS MULHERES E A IGUALDADE DE GÊNERO, COM A  OFERTA DE QUALIFICAÇÃO PROFISSIONAL, VISANDO AÇÕES DE INCLUSÃO PRODUTIVA, GERAÇÃO DE TRABALHO, EMPREGO E RENDA, BEM COMO O ENFRENTAMENTO DA VIOLÊNCIA DOMÉSTICA E INTRAFAMILIAR.",,,,
2024,DESENVOLVIMENTO SOCIAL,83,POLÍTICAS DE PROMOÇÃO AO DESENVOLVIMENTO SOCIAL NO CONTEXTO RURAL - PERCURSOS GERAIS: TRAJETÓRIA PARA AUTONOMIA,1481,SECRETARIA DE ESTADO DE DESENVOLVIMENTO SOCIAL,"COORDENAR E FOMENTAR ESTRATÉGIAS DE PROMOÇÃO DO DESENVOLVIMENTO SOCIAL DE FAMÍLIAS E COMUNIDADES, POR MEIO DO GERENCIAMENTO DE POLÍTICAS PÚBLICAS INTERSETORIAIS FOCALIZADAS EM MUNICÍPIOS VULNERÁVEIS DA REGIÃO DA SUDENE. ",,,,
2024,DESENVOLVIMENTO SOCIAL,84,"POLÍTICAS DE INTEGRAÇÃO, REGIONALIZAÇÃO E INOVAÇÃO",1481,SECRETARIA DE ESTADO DE DESENVOLVIMENTO SOCIAL,"PROMOVER E ORIENTAR A REGIONALIZAÇÃO E INTEGRAÇÃO DOS PROGRAMAS, PROJETOS E AÇÕES, FOMENTAR A ELABORAÇÃO DE POLÍTICAS PÚBLICAS BASEADAS EM EVIDÊNCIAS, FORNECER DIRETRIZES PARA GESTÃO DE DADOS NO  MBITO DA SEDESE, PROMOVER A INCUBAÇÃO DE PROJETOS E APOIAR O DESENVOLVIMENTO DE INICIATIVAS ESTRATÉGICAS E INOVADORAS, VISANDO AO DESENVOLVIMENTO SOCIAL DAS DIFERENTES REGIÕES DO ESTADO.",,,,
2024,DESENVOLVIMENTO SOCIAL,66,POLÍTICAS DE TRABALHO E EMPREGO,1481,SECRETARIA DE ESTADO DE DESENVOLVIMENTO SOCIAL,"CONTRIBUIR PARA A REDUÇÃO DAS VULNERABILIDADES DA POPULAÇÃO DE MINAS GERAIS NO ASPECTO RENDA, FACILITANDO SUA INCLUSÃO PRODUTIVA, SEJA POR MEIO DE EMPREGO FORMAL, EMPREENDEDORISMO OU ECONOMIA POPULAR SOLIDÁRIA.",,,,
2024,DESENVOLVIMENTO SOCIAL,67,REDE DE DESENVOLVIMENTO DA EDUCAÇÃO PROFISSIONAL,1481,SECRETARIA DE ESTADO DE DESENVOLVIMENTO SOCIAL,"PROMOVER O AUMENTO DA EMPREGABILIDADE, DA PRODUTIVIDADE, DO EMPREENDEDORISMO E DA CAPACIDADE DE INOVAÇÃO DOS CIDADÃOS DO ESTADO DE MINAS GERAIS, POR MEIO DA ARTICULAÇÃO E COORDENAÇÃO DAS AÇÕES DE INCLUSÃO PRODUTIVA NO MUNDO DO TRABALHO E DE QUALIFICAÇÃO PROFISSIONAL ORIENTADAS POR EVIDÊNCIAS, PRIORIZANDO PÚBLICOS EM SITUAÇÃO DE VULNERABILIDADE SOCIAL, INCLUSIVE A POPULAÇÃO TRANS EM SITUAÇÃO DE RUA.",,,,
2024,DESENVOLVIMENTO SOCIAL,69,"FOMENTO AO ESPORTE, À ATIVIDADE FÍSICA E AO LAZER",1481,SECRETARIA DE ESTADO DE DESENVOLVIMENTO SOCIAL,"ESTIMULAR O DESENVOLVIMENTO DE ATIVIDADES FÍSICAS, ESPORTIVAS E DE LAZER EM MINAS GERAIS, CONTRIBUINDO PARA A REDUÇÃO DA VULNERABILIDADE SOCIAL, A MELHORIA DA QUALIDADE DE VIDA DA POPULAÇÃO, O DESENVOLVIMENTO DE HÁBITOS SAUDÁVEIS E O FORTALECIMENTO DA IMAGEM DO ESTADO NOS CENÁRIOS ESPORTIVOS NACIONAL E INTERNACIONAL.",,,,
2024,DESENVOLVIMENTO SOCIAL,70,POLÍTICAS DE DIREITOS HUMANOS,1481,SECRETARIA DE ESTADO DE DESENVOLVIMENTO SOCIAL,"PROMOVER, PROTEGER E GARANTIR OS DIREITOS HUMANOS DE TODOS POR MEIO DE ARTICULAÇÃO, IMPLEMENTAÇÃO E MONITORAMENTO DE POLÍTICAS PÚBLICAS, , COM ESPECIAL ATENÇÃO ÀS LIBERDADES INDIVIDUAIS.",,,,
2024,DESENVOLVIMENTO SOCIAL,73,MORADAS GERAIS,1481,SECRETARIA DE ESTADO DE DESENVOLVIMENTO SOCIAL,"APOIAR OS MUNICÍPIOS NA IMPLEMENTAÇÃO DE POLÍTICAS HABITACIONAIS, ALINHADAS AO PLANO ESTADUAL DE HABITAÇÃO DE INTERESSE SOCIAL (PEHIS/MG) E À LEGISLAÇÃO VIGENTE FORMULAR PROGRAMAS, ESTABELECER DIRETRIZES E DEFINIR ESTRATÉGIAS PARA O ENFRENTAMENTO AO DÉFICIT HABITACIONAL E À INADEQUAÇÃO DE MORADIAS DO ESTADO, ALÉM DE PROPOR AÇÕES PARA VIABILIZAR E PROMOVER PARCERIAS INTERFEDERATIVAS, DE INCENTIVO A PROGRAMAS DE INVESTIMENTOS E SUBSÍDIOS, PARA O ACESSO À HABITAÇÃO URBANA E/OU RURAL, ADEQUADA E SUSTENTÁVEL, PRIORIZANDO PÚBLICOS VULNERÁVEIS.",,,,
2024,DESENVOLVIMENTO SOCIAL,74,SEGURANÇA ALIMENTAR E NUTRICIONAL SUSTENTÁVEL PARA TODOS OS POVOS DO TERRITÓRIO MINEIRO,1481,SECRETARIA DE ESTADO DE DESENVOLVIMENTO SOCIAL,"DESENVOLVER, ASSESSORAR, E APOIAR POLÍTICAS PÚBLICAS DE SEGURANÇA ALIMENTAR E NUTRICIONAL POR MEIO DO FOMENTO E FORTALECIMENTO DOS EQUIPAMENTOS PÚBLICOS DE SAN, DO SISTEMA NACIONAL DE SEGURANÇA ALIMENTAR E NUTRICIONAL (SISAN) E DA PARTICIPAÇÃO SOCIAL NO ESTADO DE MINAS GERAIS A FIM DE MITIGAR A FOME E A VULNERABILIDADE ALIMENTAR E NUTRICIONAL NOS MUNICÍPIOS MINEIROS CONSIDERANDO A INTERSETORIALIDADE DA TEMÁTICA DE SAN, A SOBERANIA ALIMENTAR, A AGROECOLOGIA, O DIREITO HUMANO À ALIMENTAÇÃO ADEQUADA E O RESPEITO À TERRITORIALIDADE, REGIONALIDADE, CULTURA ALIMENTAR E AUTONOMIA MUNICIPAL.",,,,
2024,GOVERNO,109,GESTÃO DE CERIMONIAL E EVENTOS,1491,SECRETARIA DE ESTADO DE GOVERNO,"PROMOVER O RELACIONAMENTO VIRTUOSO COM OS ATORES ESTRATÉGICOS DA SOCIEDADE, DOS GOVERNOS FEDERAIS, ESTADUAIS, MUNICIPAIS E MEIOS DE COMUNICAÇÕES, AMPLIANDO O ACESSO ÀS INFORMAÇÕES DE INTERESSE PÚBLICO E VEICULANDO A VISÃO DE GOVERNO POR MEIO DA GESTÃO DE CERIMONIAL E EVENTOS.",,,,
2024,GOVERNO,115,GESTÃO DO PROCESSO LEGISLATIVO ESTADUAL SOB A RESPONSABILIDADE DO PODER EXECUTIVO,1491,SECRETARIA DE ESTADO DE GOVERNO,"OPERACIONALIZAR O EXERCÍCIO DOS DEVERES CONSTITUCIONAIS DO PODER EXECUTIVO NO ÂMBITO DO PROCESSO LEGISLATIVO ESTADUAL, COM RESPEITO À AUTONOMIA E PROMOÇÃO À HARMONIA ENTRE OS PODERES PREVISTA NO ART. 2º DA CONSTITUIÇÃO FEDERAL.",,,,
2024,GOVERNO,119,APOIO AO DESENVOLVIMENTO MUNICIPAL E À COORDENAÇÃO DAS TRANSFERÊNCIAS ESTADUAIS DE RECURSOS FINANCEIROS,1491,SECRETARIA DE ESTADO DE GOVERNO,"ESTIMULAR O DESENVOLVIMENTO SOCIOECONÔMICO NOS MUNICÍPIOS MINEIROS DE FORMA SUSTENTÁVEL, ATENDENDO PRINCIPALMENTE A ADMINISTRAÇÃO PÚBLICA MUNICIPAL, OS CONSÓRCIOS PÚBLICOS INTERMUNICIPAIS, E AS ORGANIZAÇÕES DA SOCIEDADE CIVIL, POR MEIO DA TRANSFERÊNCIA VOLUNTÁRIA DE RECURSOS FINANCEIROS, DO APOIO TÉCNICO E DO MONITORAMENTO E DA FISCALIZAÇÃO DESSAS TRANSFERÊNCIAS, VISANDO A REALIZAÇÃO DE OBRAS DE INFRAESTRUTURA URBANA E RURAL E A AQUISIÇÃO DE BENS MÓVEIS, EM DIÁLOGO COM A ASSEMBLEIA LEGISLATIVA DO ESTADO DE MINAS GERAIS E OBSERVANDO AS DIVERSIDADES E POTENCIALIDADES LOCAIS, COORDENAR O FLUXO DE TRANSFERÊNCIAS VOLUNTÁRIAS EFETUADAS PELO ESTADO DE MINAS GERAIS, ARTICULAR EM CONJUNTO COM A COMISSÃO DE PARTICIPAÇÃO POPULAR DA ASSEMBLEIA LEGISLATIVA DO ESTADO DE MINAS GERAIS O ATENDIMENTO DE PLEITOS DA SOCIEDADE CIVIL.",,,,
2024,GOVERNO,120,PRODUÇÃO E VEICULAÇÃO DO DIÁRIO OFICIAL ELETRÔNICO MINAS GERAIS,1491,SECRETARIA DE ESTADO DE GOVERNO,"O PROGRAMA TEM POR OBJETIVO ASSEGURAR A CONTÍNUA PRODUÇÃO E VEICULAÇÃO DO DIÁRIO OFICIAL ELETRÔNICO MINAS GERAIS (DOMG-E), PREZANDO PELO APERFEIÇOAMENTO DA RELAÇÃO EXISTENTE ENTRE AS ATIVIDADES PRESTADAS PELA SUPERINTENDÊNCIA DE GESTÃO DO DIÁRIO OFICIAL (SGDOF) E AS NECESSIDADES DOS USUÁRIOS DO SERVIÇO DE PUBLICIDADE OFICIAL, PELA OTIMIZAÇÃO E SIMPLIFICAÇÃO DO PROCESSO DE PUBLICAÇÃO DE MATÉRIAS, PELA AMPLIAÇÃO DO ACESSO ÀS INFORMAÇÕES PUBLICADAS AO LONGO DE TODA A EXISTÊNCIA DO DOMG-E, CUJA PRIMEIRA EDIÇÃO DATA DE 21 DE ABRIL DE 1892, E PELA PRESERVAÇÃO DO ACERVO FÍSICO DO DOMG-E PRODUZIDO ENTRE 04/1892 A 03/2019.",,,,
2024,GOVERNO,122,FORTALECIMENTO DA GESTÃO DAS TRANSFERÊNCIAS ESTADUAIS,1491,SECRETARIA DE ESTADO DE GOVERNO,IMPLEMENTAR AÇÕES DIRECIONADAS À MANUTENÇÃO E MELHORIA CONTÍNUA DOS PROCEDIMENTOS NORMATIVOS E SISTEMAS DE INFORMAÇÃO DE FORMA A FORTALECER O PROCESSO DE GESTÃO DAS TRANSFERÊNCIAS ESTADUAIS NO ÂMBITO DO GOVERNO DE MINAS GERAIS.,,,,
2024,PLANEJAMENTO E GESTÃO,149,TRANSFORMAÇÃO DIGITAL E ATENDIMENTO AO CIDADÃO,1501,SECRETARIA DE ESTADO DE PLANEJAMENTO E GESTÃO,"FORMULAR E COORDENAR A IMPLEMENTAÇÃO DA ESTRATÉGIA DE GOVERNO DIGITAL DA ADMINISTRAÇÃO PÚBLICA ESTADUAL, ESTABELECER POLÍTICAS PÚBLICAS PARA GOVERNANÇA ELETRÔNICA PARA AUMENTAR A EFICIÊNCIA DA GESTÃO PÚBLICA ESTADUAL, COORDENAR A OPERAÇÃO E IMPLANTAÇÃO DOS SISTEMAS CORPORATIVOS DE PLANEJAMENTO E GESTÃO, COORDENAR A OPERAÇÃO E IMPLANTAÇÃO DOS SISTEMAS DE GESTÃO DE TRÂNSITO E MELHORAR A EXPERIÊNCIA DOS USUÁRIOS COM OS SERVIÇOS PÚBLICOS, UTILIZANDO UMA ABORDAGEM DE INOVAÇÃO QUE INTEGRE O ATENDIMENTO FÍSICO E O DIGITAL E MODERNIZAÇÃO DOS PROCESSOS DE TRABALHO E DOS SERVIÇOS PÚBLICOS.",,,,
2024,PLANEJAMENTO E GESTÃO,155,REPARAÇÃO DOS DANOS DOS ROMPIMENTOS EM BRUMADINHO E MARIANA,1501,SECRETARIA DE ESTADO DE PLANEJAMENTO E GESTÃO,"PROMOVER AÇÕES SETORIAIS E INTERSETORIAIS PARA A RECUPERAÇÃO SOCIOECONÔMICA E SOCIOAMBIENTAL DOS MUNICÍPIOS ATINGIDOS PELO ROMPIMENTO DA BARRAGEM I, IV E IV-A DA MINA DO CÓRREGO DO FEIJÃO EM BRUMADINHO E DA BARRAGEM DO FUNDÃO EM MARIANA.",,,,
2024,PLANEJAMENTO E GESTÃO,156,GESTÃO DA CIDADE ADMINISTRATIVA,1501,SECRETARIA DE ESTADO DE PLANEJAMENTO E GESTÃO,"PLANEJAR, GERIR, NORMATIZAR E EXECUTAR AS ATIVIDADES NECESSÁRIAS À OPERAÇÃO DA CIDADE ADMINISTRATIVA ""PRESIDENTE TANCREDO DE ALMEIDA NEVES"", BEM COMO A GESTÃO DE SEUS BENS E SERVIÇOS, COM VISTAS À OTIMIZAÇÃO LOGÍSTICO-OPERACIONAL E À MELHORIA DA QUALIDADE DO GASTO PÚBLICO.",,,,
2024,PLANEJAMENTO E GESTÃO,157,GESTÃO DO PLANEJAMENTO ORÇAMENTÁRIO GOVERNAMENTAL,1501,SECRETARIA DE ESTADO DE PLANEJAMENTO E GESTÃO,"PROMOVER A EFICIÊNCIA E A INTEGRAÇÃO DA AÇÃO GOVERNAMENTAL ATRAVÉS DA COORDENAÇÃO E GESTÃO DO PROCESSO DE ELABORAÇÃO DOS INSTRUMENTOS DE PLANEJAMENTO ORÇAMENTÁRIO DO GOVERNO, DOS CONTRATOS DE GESTÃO E TERMOS DE PARCERIAS. TODAS AS INCIATIVAS ESTÃO ORIENTADAS PARA A QUALIDADE DO GASTO, SUSTENTABILIDADE, CELERIDADE, TRANSPARÊNCIA E ATENDIMENTO DAS NECESSIDADES DOS CIDADÃOS MINEIROS.",,,,
2024,PLANEJAMENTO E GESTÃO,159,CENTRALIZAÇÃO DO PROCESSAMENTO DE COMPRAS PÚBLICAS,1501,SECRETARIA DE ESTADO DE PLANEJAMENTO E GESTÃO,"AUMENTAR A QUALIDADE DO GASTO PÚBLICO E APRIMORAR O CONTROLE E RESULTADOS DOS PROCESSOS POR MEIO DA GESTÃO, OPERACIONALIZAÇÃO E APERFEIÇOAMENTO DO PROCESSAMENTO CENTRALIZADO DAS COMPRAS E CONTRATAÇÕES DE BENS E SERVIÇOS UTILIZADOS PELOS ÓRGÃOS E ENTIDADES DO ESTADO.",,,,
2024,PLANEJAMENTO E GESTÃO,160,MELHORIA DA GESTÃO LOGÍSTICA E PATRIMONIAL,1501,SECRETARIA DE ESTADO DE PLANEJAMENTO E GESTÃO,"OFERECER POLÍTICAS E AÇÕES DE GESTÃO LOGÍSTICA E PATRIMONIAL QUE PROMOVAM A EFETIVIDADE DAS OPERAÇÕES E A MELHOR APLICAÇÃO DOS ATIVOS PÚBLICOS, APOIANDO A REALIZAÇÃO DE POLÍTICAS PÚBLICAS NO ÂMBITO DA ADMINISTRAÇÃO PÚBLICA ESTADUAL.",,,,
2024,PLANEJAMENTO E GESTÃO,161,GESTÃO DE TRÂNSITO,1501,SECRETARIA DE ESTADO DE PLANEJAMENTO E GESTÃO,"MODERNIZAR E SIMPLIFICAR OS SERVIÇOS DE TRÂNSITO, POR MEIO DA TECNOLOGIA E DESBUROCRATIZAÇÃO DE PROCESSOS,  EXPANDIR A OFERTA E DISPONIBILIDADE DOS SERVIÇOS DE TRÂNSITO À SOCIEDADE MINEIRA, POR MEIO DA INTEGRAÇÃO DOS SERVIÇOS NAS UNIDADES DE ATENDIMENTO INTEGRADO (UAI), DISPONIBILIZAÇÃO DE CANAIS VIRTUAIS E CREDENCIAMENTO DE PARCEIROS, AMPLIAR O USO DE TECNOLOGIAS PARA AGILIDADE E DISPONIBILIDADE DO ATENDIMENTO AO CIDADÃO, FORNECER ESTATÍSTICAS E ORIENTAR A ATIVIDADE DE TRÂNSITO NO ESTADO DE MINAS GERAIS PARA AS ÁREAS DE ENGENHARIA DE TRÁFEGO, EDUCAÇÃO PARA O TRÂNSITO E CONTROLE DE VEÍCULOS E CONDUTORES. ALOCAR DE FORMA EFICIENTE OS RECURSOS PÚBLICOS PARA CUMPRIMENTO DAS POLÍTICAS DE TRÂNSITO NO ESTADO DE MINAS GERAIS.",,,,
2024,PLANEJAMENTO E GESTÃO,147,GESTÃO DE PESSOAS,1501,SECRETARIA DE ESTADO DE PLANEJAMENTO E GESTÃO,"PROMOVER AÇÕES PARA MODERNIZAÇÃO DA POLÍTICA DE GESTÃO DE PESSOAS NO ÂMBITO DA ADMINISTRAÇÃO PÚBLICA DIRETA, AUTÁRQUICA E FUNDACIONAL DO PODER EXECUTIVO, DESDE A SELEÇÃO (INGRESSO) ATÉ A APOSENTADORIA/DESLIGAMENTO DO SERVIDOR.",,,,
2024,PLANEJAMENTO E GESTÃO,151,PROMOÇÃO DA INOVAÇÃO E DA GESTÃO ESTRATÉGICA,1501,SECRETARIA DE ESTADO DE PLANEJAMENTO E GESTÃO,"PROMOVER A INOVAÇÃO E A GESTÃO ESTRATÉGICA NO PODER EXECUTIVO ESTADUAL, POR MEIO DA DESBUROCRATIZAÇÃO DOS PROCESSOS DE TRABALHO, DA TRANSFORMAÇÃO DOS SERVIÇOS PÚBLICOS COM FOCO NO USUÁRIO, DO ACOMPANHAMENTO DOS PROJETOS ESTRATÉGICOS DE GOVERNO E DA ARTICULAÇÃO PARA IMPLANTAÇÃO DE MEDIDAS RESOLUTIVAS NECESSÁRIAS PARA O ALCANCE DOS SEUS RESULTADOS.",,,,
2024,PLANEJAMENTO E GESTÃO,705,APOIO ÀS POLÍTICAS PÚBLICAS,1501,SECRETARIA DE ESTADO DE PLANEJAMENTO E GESTÃO,"DESENVOLVER ATIVIDADES DE SUPORTE À CONSECUÇÃO DAS POLITICAS PÚBLICAS DOS ÓRGÃOS E ENTIDADES GOVERNAMENTAIS, EM RELAÇÃO ÀS QUAIS NÃO SE POSSA ASSOCIAR UM BEM OU SERVIÇO A SER DISPONIBILIZADO DIRETAMENTE À SOCIEDADE.",,,,
2024,POLÍCIA CIVIL DO ESTADO DE MINAS GERAIS,36,IDENTIFICAÇÃO CIVIL E CRIMINAL,1511,POLÍCIA CIVIL DO ESTADO DE MINAS GERAIS,"TEM POR PRINCIPAL OBJETIVO PROMOVER A IDENTIFICAÇÃO CIVIL E CRIMINAL NO ÂMBITO DO ESTADO DE MINAS GERAIS, POR MEIO DA EMISSÃO DE CARTEIRA DE IDENTIDADE, ATESTADO DE ANTECEDENTES CRIMINAIS (INCLUEM-SE OS EMITIDOS VIA TOTEM E EXCLUEM-SE OS VIA WEB), LAUDOS, PARECERES, MANDADOS DE PRISÃO E ALVARÁS DE SOLTURA. COMO OBJETIVO SECUNDÁRIO TEM-SE A MODERNIZAÇÃO DA IDENTIFICAÇÃO CIVIL E CRIMINAL, VISANDO MAIOR CELERIDADE E QUALIDADE NO PROCESSO DE IDENTIFICAÇÃO, COM O INTUITO DE AMPLIAR A ELUCIDAÇÃO DE CRIMES POR MEIO DE UM CONFRONTO PAPILOSCÓPICO MAIS EFETIVO.",,,,
2024,POLÍCIA CIVIL DO ESTADO DE MINAS GERAIS,37,VALORIZAÇÃO E SAÚDE DO SERVIDOR,1511,POLÍCIA CIVIL DO ESTADO DE MINAS GERAIS,"PROPORCIONAR ACESSO A SERVIÇOS DE SAÚDE, ENSINO DE QUALIDADE AOS SERVIDORES DA POLICIA CIVIL E SEUS DEPENDENTES. VALORIZAR E CAPACITAR OS SERVIDORES DA POLICIA CIVIL PARA UM MELHOR DESEMPENHO DAS FUNÇÕES POLICIAIS E ADMINISTRATIVAS. FORTALECER O COLÉGIO ORDEM E PROGRESSO PARA OFERTAR ENSINO DE EXCELÊNCIA AOS FAMILIARES DOS SERVIDORES DA POLÍCIA CIVIL APRIMORAR AÇÕES DE PREVENÇÃO E PROMOÇÃO À SAÚDE FÍSICA E MENTAL DOS SERVIDORES DA INSTITUIÇÃO, POR MEIO DA IMPLEMENTAÇÃO DA EFETIVA DA DIRETORIA DE SAÚDE OCUPACIONAL E A ELABORAÇÃO DOS PROGRAMAS DE PREVENÇÃO DE RISCOS AMBIENTAIS (PPRA) E DE CONTROLE MÉDICO DE SAÚDE OCUPACIONAL (PCMSO). OTIMIZAR CORPO CLÍNICO E ASSISTENCIAL ATRAVÉS DA OFERTA DE CURSOS DE CAPACITAÇÃO E APERFEIÇOAMENTO PARA PROFISSIONAIS DA SAÚDE POSSIBILITANDO UMA ASSISTÊNCIA MAIS QUALIFICADA. AMPLIAR O QUADRO DE RECURSOS HUMANOS DO HOSPITAL DA POLÍCIA CIVIL DO ESTADO DE MINAS GERAIS, ATRAVÉS DA REALIZAÇÃO DE CONCURSO PÚBLICO, PARA AUMENTAR A CAPACIDADE DE ATENDIMENTO DOS SERVIDORES E DEPENDENTES, PRINCIPALMENTE NA ÁREA MÉDICA.",,,,
2024,POLÍCIA CIVIL DO ESTADO DE MINAS GERAIS,32,INVESTIGAÇÃO,1511,POLÍCIA CIVIL DO ESTADO DE MINAS GERAIS,AMPLIAR A SEGURANÇA E A SENSAÇÃO DE SEGURANÇA NO TERRITÓRIO DE MINAS GERAIS. ,,,,
2024,CONTROLADORIA GERAL,1,MINAS ÍNTEGRA E TRANSPARENTE,1521,CONTROLADORIA-GERAL DO ESTADO,"CONTRIBUIR PARA O APRIMORAMENTO DA GESTÃO PÚBLICA A PARTIR DA DISSEMINAÇÃO DE BOAS PRÁTICAS DE TRANSPARÊNCIA, DE CONTROLE SOCIAL E DE INTEGRIDADE ENTRE OS AGENTES PÚBLICOS E OS DEMAIS ATORES QUE SE RELACIONAM COM O GOVERNO DO ESTADO DE MINAS GERAIS.",,,,
2024,CONTROLADORIA GERAL,2,AUDITORIA INTERNA PARA O FUTURO,1521,CONTROLADORIA-GERAL DO ESTADO,"PROMOVER O FORTALECIMENTO DOS SERVIÇOS DE AUDITORIA INTERNA PARA A MELHORIA DA COBERTURA DO UNIVERSO AUDITÁVEL DO PODER EXECUTIVO ESTADUAL E PARA O ENFRENTAMENTO DOS NOVOS DESAFIOS A PARTIR DA AMPLIAÇÃO DA CAPACIDADE DE AUDITORIA INTERNA, BASEADA EM PADRÕES INTERNACIONALMENTE RECONHECIDOS, E DA DISPONIBILIZAÇÃO DA INFRAESTRUTURA TECNOLÓGICA NECESSÁRIA PARA AGREGAR MAIOR EFICIÊNCIA E MAIS VALOR À GESTÃO, POR MEIO DO PLANEJAMENTO BASEADO EM RISCOS E DE AÇÕES INTEGRADAS DA CGE E DA SOCIEDADE.",,,,
2024,CONTROLADORIA GERAL,3,ENFRENTAMENTO DA CORRUPÇÃO E RECUPERAÇÃO DE ATIVOS,1521,CONTROLADORIA-GERAL DO ESTADO,"FORTALECER OS MECANISMOS DE PREVENÇÃO, DETECÇÃO E REPRESSÃO A ILÍCITOS ADMINISTRATIVOS E ATOS LESIVOS PRATICADOS, RESPECTIVAMENTE, POR AGENTES PÚBLICOS E  POR PESSOAS JURÍDICAS.",,,,
2024,CONTROLADORIA GERAL,4,CGE INTEGRADA E EFICIENTE,1521,CONTROLADORIA-GERAL DO ESTADO,"DESENVOLVER CAPACIDADES TÉCNICA E INSTITUCIONAL DAS UNIDADES ADMINISTRATIVAS DO ÓRGÃO CENTRAL DA CGE E DAS CONTROLADORIAS SETORIAIS E SECCIONAIS DOS DEMAIS ÓRGÃOS E ENTIDADES DA ADMINISTRAÇÃO DIRETA, AUTÁRQUICA E FUNDACIONAL, POR MEIO DA PADRONIZAÇÃO E DA SIMPLIFICAÇÃO DAS PRÁTICAS ORGANIZACIONAIS E DOS PROCESSOS INTERNOS, DO FORTALECIMENTO DA INTEGRAÇÃO ENTRE AS UNIDADES DA CGE, DA COORDENAÇÃO TÉCNICA DAS CONTROLADORIAS SETORIAIS E SECCIONAIS, DA ATUAÇÃO EM REDE E DO APRIMORAMENTO DA GOVERNANÇA  DE TECNOLOGIA DA INFORMAÇÃO E COMUNICAÇÃO.",,,,
2024,ESCOLA DE SAÚDE PÚBLICA,28,DESENVOLVIMENTO DE AÇÕES DE EDUCAÇÃO E PESQUISA PARA O SISTEMA ÚNICO DE SAÚDE,1541,ESCOLA DE SAÚDE PÚBLICA DO ESTADO DE MINAS GERAIS,"PRODUZIR E DIFUNDIR CONHECIMENTOS JUNTO A TRABALHADORES, GESTORES E AGENTES SOCIAIS QUE ATUAM NO ÂMBITO DO SISTEMA ÚNICO DE SAÚDE (SUS) EM MINAS GERAIS, POR MEIO DE AÇÕES EDUCACIONAIS E DE PESQUISA, TENDO A EDUCAÇÃO PERMANENTE EM SAÚDE COMO REFERENCIAL POLÍTICO-PEDAGÓGICO E CONTRIBUINDO COM A QUALIDADE DOS SERVIÇOS DE SAÚDE PÚBLICA DE MINAS GERAIS.",,,,
2024,GOVERNADORIA,11,ASSESSORAMENTO TÉCNICO E ADMINISTRATIVO AO GOVERNADOR E VICE-GOVERNADOR,1631,SECRETARIA-GERAL,"ASSEGURAR O SUPORTE EFICAZ E INTEGRADO AO GOVERNADOR E AO VICE-GOVERNADOR ATRAVÉS DA COORDENAÇÃO DO ALINHAMENTO INSTITUCIONAL, DA AVALIAÇÃO DE DOCUMENTOS E PRONUNCIAMENTOS, DO GERENCIAMENTO DE CORRESPONDÊNCIAS, DA EXECUÇÃO DE AÇÕES PARA A SIMPLIFICAÇÃO DE NORMAS E DO EXAME E TRAMITAÇÃO DE PROCESSOS ESPECIAIS DE COMPETÊNCIA DO GOVERNADOR.",,,,
2024,COMUNICAÇÃO SOCIAL,18,COMUNICAÇÃO INSTITUCIONAL E DE UTILIDADE PÚBLICA,1711,SECRETARIA DE ESTADO DE COMUNICAÇÃO SOCIAL,"PROMOVER A COMUNICAÇÃO DO GOVERNO COM A SOCIEDADE CIVIL E AMPLIAR O ACESSO ÀS INFORMAÇÕES DE INTERESSE PÚBLICO POR MEIO DA PRESTAÇÃO DE SERVIÇOS E INFORMAÇÕES DAS ASSESSORIAS DE IMPRENSA, PUBLICIDADE E COMUNICAÇÃO DIGITAL.",,,,
2024,CASA CIVIL,131,"ARTICULAÇÃO INTERFEDERATIVA,  ATRAÇÃO DE INVESTIMENTOS, CAPTAÇÃO E TRANSFERÊNCIA DE RECURSOS E PARCERIAS",1721,SECRETARIA DE ESTADO DA CASA CIVIL,"COORDENAR E ARTICULAR AS RELAÇÕES INSTITUCIONAIS DO PODER EXECUTIVO COM GOVERNO FEDERAL, OUTROS PODERES E ENTIDADES NACIONAIS E INTERNACIONAIS, COORDENAR A POLÍTICA DE CAPTAÇÃO DE RECURSOS JUNTO AO PODER EXECUTIVO FEDERAL, DEMAIS ENTES FEDERADOS E ENTIDADES PRIVADAS, ESTIMULAR O DESENVOLVIMENTO SOCIOECONÔMICO NOS MUNICÍPIOS MINEIROS, POR MEIO DA TRANSFERÊNCIA VOLUNTÁRIA DE RECURSOS FINANCEIROS, EM DIÁLOGO COM A ASSEMBLEIA LEGISLATIVA DO ESTADO DE MINAS GERAIS E OBSERVANDO AS DIVERSIDADES E POTENCIALIDADES LOCAIS.",,,,
2024,RESERVA DE CONTINGÊNCIA,999,RESERVA DE CONTINGÊNCIA,1991,RESERVA DE CONTINGÊNCIA,"GARANTIR RECURSOS PARA ABERTURA DE CRÉDITOS ADICIONAIS, TENDO EM CONTA O ATENDIMENTO DE PASSIVOS FISCAIS CONTINGENTES E OUTROS RISCOS E EVENTOS IMPREVISTOS, CONFERINDO UMA MARGEM DE SEGURANÇA PARA O PROCESSO DE EXECUÇÃO ORÇAMENTÁRIA.",,,,
2024,PLANEJAMENTO E GESTÃO,138,"CONCESSÃO DE AUXÍLIO FINANCEIRO, SEGURO E PECÚLIO",2011,INSTITUTO DE PREVIDÊNCIA DOS SERVIDORES DO ESTADO DE MINAS GERAIS,"CONCEDER SEGURO E PECÚLIO AOS SERVIDORES DO ESTADO REGULARMENTE INSCRITOS NO ""PROGRAMA ESTADUAL DE ASSISTÊNCIA AO PECÚLIO DOS SERVIDORES DO ESTADO DE MINAS GERAIS"", E SEUS DEPENDENTES, POR MEIO DO FUNDO DE ASSISTÊNCIA AO PECÚLIO DOS SERVIDORES DO ESTADO DE MINAS GERAIS (FUNAPEC), ALÉM DE CONCEDER AUXÍLIOS FINANCEIROS (NATALIDADE E FUNERAL) AOS BENEFICIÁRIOS DA ASSISTÊNCIA COMPLEMENTAR DO IPSEMG.",,,,
2024,PLANEJAMENTO E GESTÃO,88,SERVIÇOS DE SAÚDE PRESTADOS PELO IPSEMG NA REDE PRÓPRIA,2011,INSTITUTO DE PREVIDÊNCIA DOS SERVIDORES DO ESTADO DE MINAS GERAIS,PRESTAR SERVIÇOS INTEGRADOS DE ATENÇÃO À SAÚDE AOS BENEFICIÁRIOS DA ASSISTÊNCIA À SAÚDE DO IPSEMG NA REDE PRÓPRIA.,,,,
2024,PLANEJAMENTO E GESTÃO,39,GESTÃO DA ASSISTÊNCIA À SAÚDE,2011,INSTITUTO DE PREVIDÊNCIA DOS SERVIDORES DO ESTADO DE MINAS GERAIS,"GERIR A ASSITÊNCIA À SAÚDE PRESTADA AOS BENEFICIÁRIOS DO IPSEMG, COM FINANCIAMENTO SUSTENTÁVEL, POR MEIO DE UMA REDE REGIONALIZADA, HIERARQUIZADA, REGULADA E QUALIFICADA.",,,,
2024,DESENVOLVIMENTO ECONÔMICO,126,EXPLORAÇÃO DE JOGOS LOTÉRICOS E SIMILARES,2041,LOTERIA DO ESTADO DE MINAS GERAIS,"GERIR E EXPLORAR JOGOS LOTÉRICOS E SIMILARES COM O OBJETIVO DE REPASSAR AO ESTADO PARTE DA ARRECADAÇÃO COM AS APOSTAS PARA PROMOÇÃO DO BEM ESTAR SOCIAL E PROGRAMAS (GERENCIADOS PELO GOVERNO ESTADUAL) NAS ÁREAS DE ASSISTÊNCIA, DESPORTOS, EDUCAÇÃO, SAÚDE E DESENVOLVIMENTO SOCIAL.",,,,
2024,PLANEJAMENTO E GESTÃO,91,APRIMORAMENTO DA GESTÃO PÚBLICA POR MEIO DE ENSINO DE EXCELÊNCIA,2061,FUNDAÇÃO JOÃO PINHEIRO,"DESENVOLVER A QUALIDADE DAS AÇÕES GOVERNAMENTAIS, NOS NÍVEIS FEDERAL, ESTADUAL, MUNICIPAL, E QUANDO COUBER NO ÂMBITO DAS ORGANIZAÇÕES DA SOCIEDADE CIVIL, POR MEIO DA FORMAÇÃO, CAPACITAÇÃO E QUALIFICAÇÃO DE PESSOAS, AMPLIANDO AS CAPACIDADES INSTITUCIONAIS DO ESTADO NA GESTÃO DE POLÍTICAS PÚBLICAS MAIS EFETIVAS E NO PROVIMENTO DE SOLUÇÕES INOVADORAS, INCLUSIVAS E DEMOCRÁTICAS PARA OS PROBLEMAS DA SOCIEDADE.",,,,
2024,PLANEJAMENTO E GESTÃO,93,PROMOÇÃO E PRESERVAÇÃO DA MEMÓRIA TÉCNICO-CIENTÍFICA DO ESTADO DE MINAS GERAIS,2061,FUNDAÇÃO JOÃO PINHEIRO,"FACILITAR E AMPLIAR O ACESSO ÀS PUBLICAÇÕES TÉCNICO-CIENTÍFICAS PRODUZIDAS PELAS INSTITUIÇÕES PÚBLICAS ESTADUAIS DE MINAS GERAIS.PROMOVER O RESGATE, REUNIÃO, ARMAZENAMENTO, TRATAMENTO, DISPONIBILIZAÇÃO E DIVULGAÇÃO DO ACERVO DA BIBLIOTECA DIGITAL DE MINAS GERAIS RAYMUNDO NONATO DE CASTRO.PRESERVAR A MEMÓRIA TÉCNICO-CIENTÍFICA DOS ÓRGÃOS E ENTIDADES DA ADMINISTRAÇÃO PÚBLICA DIRETA, AUTÁRQUICA E FUNDACIONAL, NO ÂMBITO DO PODER EXECUTIVO.",,,,
2024,PLANEJAMENTO E GESTÃO,95,ASSESSORIA E PESQUISA EM POLÍTICAS PÚBLICAS,2061,FUNDAÇÃO JOÃO PINHEIRO,"DESENVOLVER CAPACIDADES TÉCNICAS COM O OBJETIVO DE APOIAR A TOMADA DE DECISÃO EM ORGANIZAÇÕES PÚBLICAS, PRIVADAS E DA SOCIEDADE CIVIL, TANTO NO PLANEJAMENTO QUANTO NA GESTÃO, MONITORAMENTOE AVALIAÇÃO DE POLÍTICAS PÚBLICAS.",,,,
2024,PLANEJAMENTO E GESTÃO,96,PRODUÇÃO DE ESTATÍSTICAS E INFORMAÇÕES,2061,FUNDAÇÃO JOÃO PINHEIRO,"PRODUZIR, ANALISAR, DIVULGAR E AVALIAR ESTUDOS TÉCNICO-CIENTÍFICOS E PROJETOS DE PESQUISA APLICADA. APOIAR E FOMENTAR PESQUISAS VOLTADAS PARA O DESENVOLVIMENTO SUSTENTÁVEL DO ESTADO. COORDENAR O SISTEMA ESTADUAL DE ESTATÍSTICA. EXECUTAR OS ESTUDOS ESTADUAIS DE GEOINFORMAÇÃO, COM EXCEÇÃO DOS MAPEAMENTOS DE GEOLOGIA ECONÔMICA.",,,,
2024,DESENVOLVIMENTO ECONÔMICO,22,"CONSTRUINDO O FUTURO POR MEIO DA CIÊNCIA, DA TECNOLOGIA E DA INOVAÇÃO",2071,FUNDAÇÃO DE AMPARO À PESQUISA DO ESTADO DE MINAS GERAIS,"IMPULSIONAR O DESENVOLVIMENTO ECONÔMICO, SOCIAL E AMBIENTAL SUSTENTÁVEL DE MINAS GERAIS, POR MEIO DO FOMENTO À CIÊNCIA, TECNOLOGIA E INOVAÇÃO, PROMOVENDO A EXCELÊNCIA EM PESQUISA, ESTIMULANDO A FORMAÇÃO DE TALENTOS LOCAIS E CRIANDO UM AMBIENTE PROPÍCIO PARA A COLABORAÇÃO ENTRE ACADEMIA, SETOR PRIVADO E SOCIEDADE CIVIL.",,,,
2024,MEIO AMBIENTE E DESENVOLVIMENTO SUSTENTÁVEL,40,RECUPERAÇÃO AMBIENTAL E GESTÃO DE BARRAGENS,2091,FUNDAÇÃO ESTADUAL DO MEIO AMBIENTE,"CONTRIBUIR PARA A MELHORA DA QUALIDADE AMBIENTAL DO ESTADO, POR MEIO DA GESTÃO E RECUPERAÇÃO AMBIENTAL DE ÁREAS DEGRADADAS E CONTAMINADAS.ORIENTAR E SUPERVISIONAR PROCEDIMENTOS DE IDENTIFICAÇÃO, CADASTRO, CONTROLE E REABILITAÇÃO DE ÁREAS CONTAMINADAS POR SUBSTÂNCIAS QUÍMICAS E DEGRADADAS.ORIENTAR E SUPERVISIONAR PROCEDIMENTOS DE IDENTIFICAÇÃO, CADASTRO, CONTROLE E RECUPERAÇÃO DE ÁREAS DEGRADADAS PELA MINERAÇÃO E INSTRUÇÃO E ANÁLISE DOS PROCESSOS ADMINISTRATIVOS DE FECHAMENTO DE MINA.ORIENTAR, MONITORAR E ORGANIZAR O PROCESSO DE APROVAÇÃO E DE IMPLEMENTAÇÃO DOS PAES DAS BARRAGENS DE INDÚSTRIA E DA MINERAÇÃO INCLUÍDAS NA POLÍTICA ESTADUAL DE SEGURANÇA DE BARRAGENS, NO ÂMBITO DE SUA COMPETÊNCIA.",,,,
2024,MEIO AMBIENTE E DESENVOLVIMENTO SUSTENTÁVEL,41,REGULARIZAÇÃO AMBIENTAL,2091,FUNDAÇÃO ESTADUAL DO MEIO AMBIENTE,"EFICIÊNCIA NOS PROCESSOS DE REGULARIZAÇÃO AMBIENTAL, REDUZINDO PRAZOS E AMPLIANDO OFERTA DOS SERVIÇOS.",,,,
2024,MEIO AMBIENTE E DESENVOLVIMENTO SUSTENTÁVEL,31,"PROTEÇÃO DAS ÁREAS AMBIENTALMENTE CONSERVADAS, DA FAUNA E DA BIODIVERSIDADE FLORESTAL",2101,INSTITUTO ESTADUAL DE FLORESTAS,"ORDERNAR E INTENSIFICAR AS ATIVIDADES DE PRESERVAÇÃO, CONSERVAÇÃO, RECUPERAÇÃO E PROTEÇÃO DA DIVERSIDADE BIOLÓGICA, VEGETAL E ANIMAL, E MANTER O EQUILÍBRIO ECOLÓGICO DOS ECOSSISTEMAS DE DOMÍNIO DO ESTADO DE MINAS GERAIS.",,,,
2024,POLÍCIA MILITAR DO ESTADO DE MINAS GERAIS,8,PRESTAÇÃO DE SERVIÇOS PREVIDENCIÁRIOS,2121,INSTITUTO DE PREVIDÊNCIA DOS SERVIDORES MILITARES DO ESTADO DE MINAS GERAIS,"CUSTEAR A PRESTAÇÃO DE BENEFÍCIOS PREVIDENCIÁRIOS - AUXÍLIO NATALIDADE, AUXÍLIO FUNERAL, AUXÍLIO RECLUSÃO E PECÚLIO.",,,,
2024,POLÍCIA MILITAR DO ESTADO DE MINAS GERAIS,6,ASSISTÊNCIA À SAÚDE DOS SEGURADOS E DOS SEUS DEPENDENTES,2121,INSTITUTO DE PREVIDÊNCIA DOS SERVIDORES MILITARES DO ESTADO DE MINAS GERAIS,"DESENVOLVER E APRIMORAR A GESTÃO DA ÁREA DA SAÚDE, NO ÂMBITO DO IPSM, POR MEIO DE INSTRUMENTOS, FERRAMENTAS E AÇÕES, CONTÍNUAS E INOVADORAS, QUE POSSIBILITEM OFERTAR SERVIÇOS DE ASSISTÊNCIA BÁSICA À SAÚDE, EM CONSONÂNCIA COM AS DIRETRIZES DEFINIDAS PELA LEGISLAÇÃO VIGENTE.",,,,
2024,EDUCAÇÃO,42,DESENVOLVIMENTO DA EDUCAÇÃO BÁSICA,2151,FUNDAÇÃO HELENA ANTIPOFF,"ASSEGURAR O DESENVOLVIMENTO DA EDUCAÇÃO BÁSICA COM QUALIDADE, CONFORME OS NÍVEIS RECOMENDÁVEIS NA REDE PÚBLICA ESTADUAL, OBSERVANDO AS DIRETRIZES DA SECRETARIA DE ESTADO DE EDUCAÇÃO - SEE, BEM COMO OS CONCEITOS DA BASE NACIONAL COMUM CURRICULAR (BNCC) E O CURRÍCULO DE REFERÊNCIA DO ESTADO DE MINAS GERAIS.",,,,
2024,EDUCAÇÃO,51,ATENDIMENTO COMUNITÁRIO E PSICOPEDAGOGICO NA FUNDACÃO HELENA ANTIPOFF,2151,FUNDAÇÃO HELENA ANTIPOFF,"CONTRIBUIR PARA A FORMAÇÃO EDUCACIONAL, CULTURAL, SOCIAL E CIDADÃ, BEM COMO PROMOVER O DESENVOLVIMENTO ECONÔMICO, DA COMUNIDADE ESCOLAR, SERVIDORES DA FUNDAÇÃO, COMUNIDADE LOCAL E ENTORNO, POR MEIO DE ATIVIDADES DESENVOLVIDAS NO NÚCLEO DE FORMAÇÃO PRESENCIAL E A DISTÂNCIA - NEAD, CLÍNICA DE PSICOLOGIA ÉDOUARD CLAPARÉDE E OFICINAS PEDAGÓGICAS.",,,,
2024,EDUCAÇÃO,75,AMPLIAÇÃO E MODERNIZAÇÃO DA FUNDAÇÃO HELENA ANTIPOFF,2151,FUNDAÇÃO HELENA ANTIPOFF,"POTENCIALIZAR EM QUANTIDADE E QUALIDADE A DISSEMINAÇÃO DOS CONHECIMENTOS GERADOS NA FUNDAÇÃO HELENA ANTIPOFF, NAS ÁREAS DE CONHECIMENTO EM LINGUAGENS E SUAS TECNOLOGIAS, MATEMÁTICA, CIÊNCIAS DA NATUREZA E CIÊNCIAS HUMANAS E SOCIAIS APLICADAS, AOS EDUCANDOS, ACADÊMICOS, PESQUISADORES E A SOCIEDADE, OBJETIVANDO A FORMAÇÃO DE CIDADÃOS CONSCIENTES DE SUA RESPONSABILIDADE ÉTICA E SOCIAL, ALÉM DE PROPICIAR A ARTICULAÇÃO ENTRE DIFERENTES AGENTES EMPRESARIAIS E GOVERNAMENTAIS.",,,,
2024,EDUCAÇÃO,76,DESENVOLVIMENTO DA EDUCAÇÃO PROFISSIONAL TÉCNICA,2151,FUNDAÇÃO HELENA ANTIPOFF,"O PROGRAMA VISA FORMAR CIDADÃO PARA ATENDER O MUNDO DO TRABALHO, FOMENTANDO OS ARRANJOS PRODUTIVOS LOCAIS, BEM COMO A FORMAÇÃO HUMANÍSTICA E A INSERÇÃO NA VIDA EM SOCIEDADE.",,,,
2024,EDUCAÇÃO,89,"MEMÓRIA VIVA: DIFUSÃO CULTURAL, PATRIMÔNIO MATERIAL E IMATERIAL",2151,FUNDAÇÃO HELENA ANTIPOFF,"GARANTIR À SOCIEDADE O EXERCÍCIO DO DIREITO À IDENTIDADE CULTURAL, DIFUNDINDO O LEGADO ANTIPOFFIANO, NA MODALIDADE PRESENCIAL E A DISTÂNCIA, ALÉM DISSO, PROMOVER A IDENTIFICAÇÃO, A DOCUMENTAÇÃO E A PRESERVAÇÃO DOS BENS CULTURAIS MATERIAIS E IMATERIAIS , ASSEGURANDO SUA PERMANÊNCIA, USUFRUTO E AQUISIÇÃO DE NOVOS USOS E SIGNIFICADOS POR PARTE DAS GERAÇÕES ATUAIS E FUTURAS.",,,,
2024,EDUCAÇÃO,104,ENFRENTAMENTO À VULNERABILIDADE NOS TERRITÓRIOS DE ATUAÇÃO DA FUCAM,2161,FUNDAÇÃO EDUCACIONAL CAIO MARTINS,"ENFRENTAR A SITUAÇÃO DE VULNERABILIDADE SOCIAL E ECONÔMICA NOS MUNICÍPIOS DE ATUAÇÃO DA FUNDAÇÃO EDUCACIONAL CAIO MARTINS POR MEIO DA OFERTA DA EDUCAÇÃO BÁSICA E PROFISSIONAL DE QUALIDADE E DA EXECUÇÃO DE AÇÕES EFETIVAS DE INCLUSÃO SOCIOPRODUTIVA, CONSIDERANDO AS PARTICULARIDADES LOCAIS, A PROTEÇÃO DO MEIO AMBIENTE, O ATINGIMENTO DOS OBJETIVOS DE DESENVOLVIMENTO SUSTENTÁVEL (ODS, AGENDA 2030 DA ORGANIZAÇÃO DAS NAÇÕES UNIDAS) DE NÚMEROS 1.1, 1.2, 1.4, 2.3, 2.4, 4.1, 4.3, 4.4, 4.7 E 8.3.",,,,
2024,MEIO AMBIENTE E DESENVOLVIMENTO SUSTENTÁVEL,65,FORTALECIMENTO DA POLÍTICA ESTADUAL DE RECURSOS HÍDRICOS,2241,INSTITUTO MINEIRO DE GESTÃO DAS ÁGUAS,"A POLÍTICA ESTADUAL DE RECURSOS HÍDRICOS VISA ASSEGURAR O CONTROLE DO USO DA ÁGUA E DE SUA UTILIZAÇÃO EM QUANTIDADE E QUALIDADE SATISFATÓRIOS. PARA QUE A POLÍTICA POSSA SER PRESTADA, TEM-SE OS 9 (NOVE) INSTRUMENTOS QUE O PROGRAMA VISA AMPLIAR PARA QUE SE OBTENHA MAIORES RESULTADOS. ALÉM DOS INSTRUMENTOS HÁ FERRAMENTAS APLICADAS PARA MELHOR EFETIVAÇÃO DA POLÍTICA.",,,,
2024,DESENVOLVIMENTO ECONÔMICO,29,REGISTRO PÚBLICO DE EMPRESAS MERCANTIS E ATIVIDADES AFINS,2251,JUNTA COMERCIAL DO ESTADO DE MINAS GERAIS,"DESBUROCRATIZAR, RACIONALIZAR, MODERNIZAR E SIMPLIFICAR O REGISTRO DOS EMPRESÁRIOS, DAS SOCIEDADES EMPRESÁRIAS, DAS SOCIEDADES COOPERATIVAS E CONSÓRCIOS BEM COMO SINCRONIZAR DADOS COM OUTROS ÓRGÃOS VISANDO A UNIFICAÇÃO DE DADOS CADASTRAIS, AUTENTICAR OS INSTRUMENTOS DE ESCRITURAÇÃO DAS EMPRESAS E SOCIEDADES REGISTRADAS E EXPEDIR CERTIDÕES DOS DOCUMENTOS ARQUIVADOS.",,,,
2024,SAÚDE,152,INOVAÇÃO CIENTÍFICA E TECNOLÓGICA,2261,FUNDAÇÃO EZEQUIEL DIAS,"GERAR PRODUTOS TECNOLÓGICOS INOVADORES, VISANDO A INCORPORAÇÃO DE NOVOS PRODUTOS E SERVIÇOS NO COMPLEXO ECONÔMICO E INDUSTRIAL DA SAÚDE E TRANSFERÊNCIAS DE TECNOLOGIAS PARA OUTRAS ICTS E EMPRESAS PRIVADAS, POR MEIO DO DESENVOLVIMENTO DE PROTÓTIPOS, DA PRODUÇÃO DE LOTES PILOTO PARA REGISTRO E/OU DA REALIZAÇÃO DE ENSAIOS CLÍNICOS VOLTADOS À SAÚDE PÚBLICA. FORMAR RECURSOS HUMANOS ALTAMENTE QUALIFICADOS PARA ATUAÇÃO EM SETORES PRODUTIVOS E INSTITUIÇÕES DE CIÊNCIA E TECNOLOGIA QUE SERÃO CAPAZES DE CONTRIBUIR PARA O DESENVOLVIMENTO DE PRODUTOS, PROCESSOS E NOVAS TÉCNICAS DE ANÁLISE E DIAGNÓSTICO DE BASE BIOTECNOLÓGICA.",,,,
2024,SAÚDE,153,VIGILÂNCIA LABORATORIAL EM SAÚDE PÚBLICA,2261,FUNDAÇÃO EZEQUIEL DIAS,"PROMOVER AÇÕES DE VIGILÂNCIA LABORATORIAL EM SAÚDE PÚBLICA COM BASE NA ANÁLISE PERMANENTE DOS CENÁRIOS EPIDEMIOLÓGICO, AMBIENTAL, SANITÁRIO E DA SAÚDE DO TRABALHADOR, VISANDO AÇÕES DE PREVENÇÃO, TRATAMENTO E CONTROLE DE RISCOS E DANOS À SAÚDE DA POPULAÇÃO, O QUE INCLUI TANTO A ABORDAGEM INDIVIDUAL COMO COLETIVA.",,,,
2024,SAÚDE,154,DESENVOLVIMENTO E PRODUÇÃO DE MEDICAMENTOS PARA O SISTEMA ÚNICO DE SAÚDE (SUS),2261,FUNDAÇÃO EZEQUIEL DIAS,"DESENVOLVER, PRODUZIR E FORNECER MEDICAMENTOS SINTÉTICOS DE INTERESSE A SAÚDE PÚBLICA, DE FORMA A ATENDER AS DIRETRIZES DA POLÍTICA NACIONAL DE ASSISTÊNCIA FARMACÊUTICA, PRINCIPALMENTE NO TOCANTE ÀS NECESSIDADES DE TRATAMENTO DE AGRAVOS E DOENÇAS DA POPULAÇÃO BRASILEIRA, BEM COMO MEDICAMENTOS BIOLÓGICOS PARA O SUS, OBJETIVANDO A PREVENÇÃO DE DOENÇAS GRAVES E TRATAMENTO DE ACIDENTES COM ANIMAIS PEÇONHENTOS.",,,,
2024,SAÚDE,150,UNIVERSALIZAÇÃO DO ACESSO AO CONHECIMENTO CIENTÍFICO E TECNOLÓGICO,2261,FUNDAÇÃO EZEQUIEL DIAS,"PROMOVER A UNIVERSALIZAÇÃO DO ACESSO AO CONHECIMENTO CIENTÍFICO E TECNOLÓGICO, DE FORMA A GARANTIR INCLUSÃO SOCIAL, CIDADANIA E EQUIDADE. FOMENTAR A INTERAÇÃO ENTRE A COMUNIDADE CIENTÍFICA E O PÚBLICO EM GERAL. DEMOCRATIZAR O CONHECIMENTO E A CULTURA CIENTÍFICA-TECNOLÓGICA EM TODO O ESTADO DE MINAS GERAIS.",,,,
2024,SAÚDE,19,ATENÇÃO HOSPITALAR ESPECIALIZADA,2271,FUNDAÇÃO HOSPITALAR DO ESTADO DE MINAS GERAIS,"ATUAR COMO REFERÊNCIA ESTRATÉGICA NOS ATENDIMENTOS DE MÉDIA E ALTA COMPLEXIDADE HOSPITALAR NO SISTEMA ÚNICO DE SAÚDE – SUS, POR MEIO DE 19 UNIDADES ASSISTENCIAIS, QUAIS SEJAM: COMPLEXO HOSPITALAR DE URGÊNCIA E EMERGÊNCIA, COMPOSTO PELAS UNIDADES HOSPITAL INFANTIL JOÃO PAULO II, HOSPITAL JOÃO XXIII E HOSPITAL MARIA AMÉLIA LINS, COMPLEXO HOSPITALAR DE BARBACENA, COMPOSTO PELAS UNIDADES HOSPITAL REGIONAL DE BARBACENA DR. JOSÉ AMÉRICO E CENTRO HOSPITALAR PSIQUIÁTRICO DE BARBACENA, COMPLEXO HOSPITALAR DE ESPECIALIDADES, COMPOSTO PELAS UNIDADES HOSPITAL ALBERTO CAVALCANTI E HOSPITAL JÚLIA KUBITSCHEK, HOSPITAL REGIONAL ANTÔNIO DIAS, HOSPITAL REGIONAL JOÃO PENIDO, MATERNIDADE ODETE VALADARES, HOSPITAL EDUARDO DE MENEZES, CENTRO MINEIRO DE TOXICOMANIA, CENTRO PSÍQUICO DA ADOLESCÊNCIA E INFÂNCIA, INSTITUTO RAUL SOARES, CASA DE SAÚDE PADRE DAMIÃO, CASA DE SAÚDE SANTA FÉ, CASA DE SAÚDE SANTA IZABEL, CASA DE SAÚDE SÃO FRANCISCO DE ASSIS, HOSPITAL CRISTIANO MACHADO. AS UNIDADES ESTÃO LOCALIZADAS NOS MUNICÍPIOS DE BAMBUÍ, BARBACENA, BELO HORIZONTE, BETIM, JUIZ DE FORA, PATOS DE MINAS, SABARÁ, TRÊS CORAÇÕES E UBÁ.ADEMAIS, A FHEMIG, POR MEIO DO MG TRANSPLANTES, TEM COMO OBJETIVO COORDENAR ATIVIDADES DE TRANSPLANTES NO ÂMBITO DE ESTADO DE MINAS GERAIS, PROMOVENDO ESTRATÉGIAS E CAMPANHAS COM OBJETIVO DE AUMENTAR A CAPTAÇÃO DE ÓRGÃOS E TECIDOS. O MG TRANSPLANTES É COMPOSTO PELA CENTRAL ESTADUAL DE TRANSPLANTES - CET E POR 7 ORGANIZAÇÕES DE PROCURA DE ÓRGÃOS - OPO, LOCALIZADAS NOS MUNICÍPIOS DE BELO HORIZONTE, GOVERNADOR VALADARES, IPATINGA, POUSO ALEGRE, JUIZ DE FORA, MONTES CLAROS E UBERLÂNDIA.",,,,
2024,"INFRAESTRUTURA, MOBILIDADE E PARCERIAS",81,DESENVOLVIMENTO SUSTENTÁVEL DA INFRAESTRUTURA RODOVIÁRIA,2301,DEPARTAMENTO DE EDIFICAÇÕES E ESTRADAS DE RODAGEM DO ESTADO DE MINAS GERAIS,"DESENVOLVER E MANTER UMA INFRAESTRUTURA RODOVIÁRIA DE QUALIDADE, CONFIÁVEL E SUSTENTÁVEL, APOIANDO O DESENVOLVIMENTO ECONÔMICO E O BEM-ESTAR DOS USUÁRIOS",,,,
2024,EDUCAÇÃO,7,EDUCAÇÃO SUPERIOR,2311,UNIVERSIDADE ESTADUAL DE MONTES CLAROS,"PROMOVER O ACESSO À EDUCAÇÃO PROFISSIONAL E TECNOLÓGICA E À EDUCAÇÃO SUPERIOR DE QUALIDADE, COM ESTÍMULO PERMANENTE AO DESENVOLVIMENTO TÉCNICO, CIENTÍFICO, ARTÍSTICO, CULTURAL E DE INOVAÇÃO, VISANDO CONTRIBUIR COM O DESENVOLVIMENTO SOCIAL E ECONÔMICO DO ESTADO",,,,
2024,SAÚDE,87,"ASSISTÊNCIA EM HEMATOLOGIA, HEMOTERAPIA,CÉLULAS E TECIDOS BIOLÓGICOS",2321,FUNDAÇÃO CENTRO DE HEMATOLOGIA E HEMOTERAPIA DE MINAS GERAIS,"EXECUTAR AS DIRETRIZES ESTABELECIDAS PELA POLÍTICA ESTADUAL DE SAÚDE EM RELAÇÃO À HEMOTERAPIA, HEMATOLOGIA, CÉLULAS E TECIDOS BIOLÓGICOS. OFERTANDO E COORDENANDO A PRODUÇÃO E DISTRIBUIÇÃO DE HEMOCOMPONENTES, HEMODERIVADOS E CÉLULAS/TECIDOS À REDE PÚBLICA E ESTABELECIMENTOS DE SAÚDE CONTRATANTES. REALIZAR ATENDIMENTO AMBULATORIAL COM EQUIPE MULTIDICIPLINAR A PACIENTES PORTADORES DE COAGULOPATIAS E HEMOGLOBINOPATIAS HEREDITÁRIAS, FORNECER BOLSAS DE PLASMA PARA PRODUÇÃO DE HEMODERIVADOS EM CONSONÂNCIA COM AS DIRETRIZES ESTABELECIDAS, REALIZAR TREINAMENTO DOS FUNCIONÁRIOS E EQUIPES DAS AGÊNCIAS TRANSFUSIONAIS DOS HOSPITAIS CONVENIADOS VISANDO MELHORIA CONTÍNUA E AMPLIAÇÃO DA COBERTURA DOS SERVIÇOS NAS RESPECTIVAS ÁREAS.",,,,
2024,PLANEJAMENTO E GESTÃO,12,POLÍTICA PÚBLICA DE METROLOGIA E AVALIAÇÃO DA CONFORMIDADE,2331,INSTITUTO DE METROLOGIA E QUALIDADE DO ESTADO DE MINAS GERAIS,"SER RECONHECIDO COMO UM ÓRGÃO DE REFERÊNCIA NACIONAL EM METROLOGIA, AVALIAÇÃO DA CONFORMIDADE, FISCALIZAÇÃO DE PRODUTOS E SERVIÇOS, ATENDENDO COM EXCELÊNCIA ÀS NECESSIDADES DA SOCIEDADE, DISPONDO DE AUTONOMIA DE GESTÃO. TRABALHAR DECISIVAMENTE EM METROLOGIA E AVALIAÇÃO DA CONFORMIDADE, ACOMPANHANDO O AVANÇO TECNOLÓGICO PARA A MELHORIA DA QUALIDADE DE VIDA DA POPULAÇÃO, EM ESPECIAL NAS ÁREAS DA SAÚDE, SEGURANÇA, MEIO AMBIENTE E DEFESA DO CONSUMIDOR, CONTRIBUINDO ASSIM, PARA UM ESTADO MAIS COMPETITIVO E INCENTIVADOR DO EMPREENDEDORISMO EM INDÚSTRIA, INSUMOS E SERVIÇOS, PROPICIANDO AMBIENTE PARA MAIOR E SUSTENTÁVEL GERAÇÃO DE EMPREGO E RENDA.",,,,
2024,EDUCAÇÃO,26,DESENVOLVIMENTO DO ENSINO SUPERIOR NA UEMG,2351,UNIVERSIDADE DO ESTADO DE MINAS GERAIS,"PROMOVER O DESENVOLVIMENTO TÉCNICO, CIENTÍFICO, ARTÍSTICO E CULTURAL, PRIORITARIAMENTE, NAS REGIÕES DO ESTADO ONDE A UEMG POSSUI UNIDADES ACADÊMICAS, POR MEIO DA OFERTA DE FORMAÇÃO DE ENSINO SUPERIOR DE QUALIDADE BEM COMO DA REALIZAÇÃO DE PESQUISAS DE INTERESSE SOCIAL E PRESTAÇÃO DE SERVIÇOS À SOCIEDADE.",,,,
2024,ASSEMBLEIA LEGISLATIVA,766,BENEFÍCIOS ASSISTENCIAIS,2361,INSTITUTO DE PREVIDÊNCIA DO LEGISLATIVO DO ESTADO DE MINAS GERAIS,"CUSTEAR A PRESTAÇÃO DE BENEFÍCIOS PREVIDENCIÁRIOS EM GERAL, EXCETO PENSÃO AOS SEGURADOS, DEPENDENTES E PENSIONISTAS.",,,,
2024,ASSEMBLEIA LEGISLATIVA,767,RESERVA DE BENEFÍCIOS,2361,INSTITUTO DE PREVIDÊNCIA DO LEGISLATIVO DO ESTADO DE MINAS GERAIS,"GARANTIR AOS SEGURADOS, DEPENDENTES, OUTROS CIVIS E PENSIONISTAS PAGAMENTO DOS BENEFÍCIOS CONCEDIDOS E A CONCEDER, MEDIANTE A CONSTITUIÇÃO E MANUTENÇÃO DE RESERVA TÉCNICA PREVISTA EM LAUDO ATUARIAL.",,,,
2024,"AGRICULTURA, PECUÁRIA E ABASTECIMENTO",78,DEFESA SANITÁRIA,2371,INSTITUTO MINEIRO DE AGROPECUÁRIA,"PRESERVAR A SANIDADE DOS ANIMAIS E DOS VEGETAIS POR MEIO DO CONTROLE E A ERRADICAÇÃO DE PRAGAS E DOENÇAS, O CONTROLE DO COMÉRCIO E DO USO DE AGROTÓXICOS E AFINS, O COMÉRCIO DE SEMENTES E MUDAS E DE PRODUTOS DE USO VETERINÁRIO VISANDO AUMENTAR A PRODUÇÃO E A PRODUTIVIDADE, PRESERVAR A SAÚDE PÚBLICA E O MEIO AMBIENTE.",,,,
2024,"AGRICULTURA, PECUÁRIA E ABASTECIMENTO",80,SEGURANÇA DE ALIMENTOS,2371,INSTITUTO MINEIRO DE AGROPECUÁRIA,GARANTIR A OFERTA DE ALIMENTOS SEGUROS REALIZANDO A INSPEÇÃO E A FISCALIZAÇÃO DA QUALIDADE E DA ORIGEM DOS PRODUTOS AGROPECUÁRIOS E AGROINDUSTRIAIS.,,,,
2024,DESENVOLVIMENTO SOCIAL,56,DESENVOLVIMENTO DA INFRAESTRUTURA DO NORTE E NORDESTE DE MINAS GERAIS,2421,INSTITUTO DE DESENVOLVIMENTO DO NORTE E NORDESTE DE MINAS GERAIS,"PROMOVER O DESENVOLVIMENTO SOCIOECONÔMICO DA REGIÃO, POR MEIO DO ACESSO À INFRAESTRUTURA, ESPECIALMENTE O ACESSO A RECURSOS HÍDRICOS, TANTO PARA CONSUMO QUANTO PARA PRODUÇÃO ECONÔMICA. ALÉM DE CRIAR AS CONDIÇÕES NECESSÁRIAS PARA A ATRAÇÃO DE INVESTIMENTOS E O DESENVOLVIMENTO DO EMPREENDEDORISMO LOCAL.",,,,
2024,DESENVOLVIMENTO SOCIAL,124,PROMOÇÃO DO DESENVOLVIMENTO DO NORTE E NORDESTE DE MINAS GERAIS,2421,INSTITUTO DE DESENVOLVIMENTO DO NORTE E NORDESTE DE MINAS GERAIS,"PROMOVER O DESENVOLVIMENTO SOCIOECONÔMICO DA REGIÃO POR MEIO DA IMPLANTAÇÃO DE AÇÕES QUE VISEM SANAR VULNERABILIDADES SOCIAIS, PROMOVER A GERAÇÃO DE RENDA, INCREMENTAR A PRODUTIVIDADE AGRÍCOLA E O DESENVOLVIMENTO DA AGRICULTURA FAMILIAR E ESTABELECER PARCERIAS PARA FORTALECER AS VOCAÇÕES REGIONAIS.",,,,
2024,MEIO AMBIENTE E DESENVOLVIMENTO SUSTENTÁVEL,10,REGULAÇÃO E FISCALIZAÇÃO DOS SERVIÇOS DE ABASTECIMENTO DE ÁGUA E DE ESGOTAMENTO SANITÁRIO E ATENDIMENTO AOS USUÁRIOS,2441,AGÊNCIA REGULADORA DE SERVIÇOS DE ABASTECIMENTO DE ÁGUA E DE ESGOTAMENTO SANITÁRIO DO ESTADO DE MINAS GERAIS,"REGULAR E FISCALIZAR OS SERVIÇOS DE ABASTECIMENTO DE ÁGUA E DE ESGOTAMENTO SANITÁRIO BUSCANDO O EQUILÍBRIO E QUALIDADE NA PRESTAÇÃO DOS SERVIÇOS, DO PONTO DE VISTA TÉCNICO-OPERACIONAL E ECONÔMICO-FINANCEIRO, PRESTANDO ATENDIMENTO AOS USUÁRIOS",,,,
2024,"AGRICULTURA, PECUÁRIA E ABASTECIMENTO",90,ASSISTÊNCIA TECNICA E EXTENSÃO RURAL PARA O ESTADO DE MINAS GERAIS,3041,EMPRESA DE ASSISTÊNCIA TÉCNICA E EXTENSÃO RURAL DO ESTADO DE MINAS GERAIS,"PRESTAR ASSISTÊNCIA TÉCNICA E EXTENSÃO RURAL AOS PRODUTORES RURAIS E DEMAIS PÚBLICOS RELACIONADOS À PRODUÇÃO AGROPECUÁRIA, COM INFORMAÇÕES TÉCNICAS QUE POSSIBILITEM A OFERTA DE ALIMENTOS, AGREGAÇÃO DE VALOR À PRODUÇÃO, ACESSO AO MERCADO, PROMOÇÃO DE MELHORIA NO SANEAMENTO RURAL E À PRESERVAÇÃO E/OU RECUPERAÇÃO DOS RECURSOS NATURAIS.",,,,
2024,"AGRICULTURA, PECUÁRIA E ABASTECIMENTO",97,MINAS SEM FOME,3041,EMPRESA DE ASSISTÊNCIA TÉCNICA E EXTENSÃO RURAL DO ESTADO DE MINAS GERAIS,"PROMOVER FOMENTO AGROPECUÁRIO, CONTRIBUINDO PARA A INCLUSÃO, NO PROCESSO PRODUTIVO, DE AGRICULTORES E SUAS FORMAS DE ORGANIZAÇÃO, BEM COMO DA POPULAÇÃO RURAL EM SITUAÇÃO DE MAIOR VULNERABILIDADE, ABRANGENDO AÇÕES VOLTADAS PARA A PRODUÇÃO DE ALIMENTOS E GERAÇÃO DE RENDA, VISANDO A MELHORIA DAS CONDIÇÕES DE SEGURANÇA E SOBERANIA ALIMENTAR E NUTRICIONAL.",,,,
2024,"AGRICULTURA, PECUÁRIA E ABASTECIMENTO",15,ENSINO SUPERIOR PARA A AGRICULTURA E PECUÁRIA,3051,EMPRESA DE PESQUISA AGROPECUÁRIA DE MINAS GERAIS,"CAPACITAR TÉCNICA E GERENCIALMENTE PESSOAS PARA ATUAREM NA AGROINDÚSTRIA DO LEITE E DERIVADOS E NO SETOR COOPERATIVISTA DO AGRONEGÓCIO E DA AGRICULTURA FAMILIAR, COM VISTAS À MELHORIA DA QUALIDADE DOS PRODUTOS E AO AUMENTO DA RENDA.",,,,
2024,"AGRICULTURA, PECUÁRIA E ABASTECIMENTO",16,INOVAÇÕES E SOLUÇÕES TECNOLÓGICAS PARA A AGROPECUÁRIA E A AGROINDÚSTRIA,3051,EMPRESA DE PESQUISA AGROPECUÁRIA DE MINAS GERAIS,"EXECUTAR PESQUISAS NOS DIVERSOS BIOMAS DE MINAS GERAIS PARA GERAR,ADAPTAR E TRANSFERIR TECNOLOGIAS PARA O DESENVOLVIMENTO SUSTENTÁVEL DA AGROPECUÁRIA, DIVERSIFICAÇÃO DE RECEITAS DO PRODUTOR RURAL, PROMOÇÃO DE NOVAS CADEIAS PRODUTIVAS E DA AGROINDÚSTRIA, PROPICIANDO A AGREGAÇÃO DE VALOR. PROMOVER A INOVAÇÃO NO CAMPO PELA UTILIZAÇÃO DE INSUMOS QUALIFICADOS E SOLUÇÕES TECNOLÓGICAS ADAPTADAS ÀS DIVERSAS CONDIÇÕES AMBIENTAIS.",,,,
2024,COMUNICAÇÃO SOCIAL,121,ACESSO E ALCANCE À COMUNICAÇÃO DE INTERESSE PÚBLICO,3151,EMPRESA MINEIRA DE COMUNICAÇÃO,AVALIAR LOCALIDADES/MUNICÍPIOS COM COBERTURA DE SINAL BROADCASTING E PERCENTUAL DE POPULAÇÃO EM PERFIL DEMOGRÁFICO QUE CONSOME PRODUTO ONLINE E VOD.,,,,
2024,TRIBUNAL DE JUSTIÇA,706,PRESTAÇÃO JURISDICIONAL,4031,FUNDO ESPECIAL DO PODER JUDICIÁRIO DO ESTADO DE MINAS GERAIS,"PROMOVER AS AÇÕES NECESSÁRIAS QUE POSSIBILITEM AO TRIBUNAL DE JUSTIÇA DO ESTADO DE  MINAS GERAIS ENTREGAR À SOCIEDADE A PRESTAÇÃO JURISDICIONAL EFICIENTE, CÉLERE, INOVADORA E COOPERATIVA, BEM COMO CONSTITUIR-SE EM INSTRUMENTO DE PROMOÇÃO DOS DIREITOS FUNDAMENTAIS E DA PAZ SOCIAL.",,,,
2024,DESENVOLVIMENTO ECONÔMICO,24,DESENVOLVIMENTO SOCIOECONÔMICO,4111,FUNDO DE FOMENTO E DESENVOLVIMENTO SOCIOECONÔMICO DO ESTADO DE MINAS GERAIS,"DAR SUPORTE FINANCEIRO A PROGRAMAS DE FOMENTO E DESENVOLVIMENTO, SOBRETUDO PARA EMPRÉSTIMOS E FINANCIAMENTOS A MÉDIAS, PEQUENAS E MICROEMPRESAS E DE COOPERATIVAS LOCALIZADAS NO ESTADO DE MINAS GERAIS.",,,,
2024,ASSEMBLEIA LEGISLATIVA,764,ASSISTÊNCIA COMPLEMENTAR,4121,FUNDO DE APOIO HABITACIONAL DA ASSEMBLEIA LEGISLATIVA DE MINAS GERAIS,"PRESTAR ASSISTÊNCIA MÉDICO-ODONTOLÓGICA COMPLEMENTAR AOS SERVIDORES DA SECRETARIA DA ASSEMBLEIA LEGISLATIVA, AOS SEUS DEPENDENTES E  PARTICIPANTES DO FUNDO.",,,,
2024,ASSEMBLEIA LEGISLATIVA,765,APOIO HABITACIONAL,4121,FUNDO DE APOIO HABITACIONAL DA ASSEMBLEIA LEGISLATIVA DE MINAS GERAIS,"CONCEDER APOIO FINANCEIRO E TÉCNICO AOS SERVIDORES DA SECRETARIA DA ASSEMBLEIA LEGISLATIVA, PARTICIPANTES DO FUNDO, PARA AQUISIÇÃO E REFORMA DE MORADIAS.",,,,
2024,JUSTIÇA E SEGURANÇA PÚBLICA,128,PROGRAMA DE APOIO A AMPLIAÇÃO E A MELHORIA DOS SISTEMAS PRISIONAL E SOCIOEDUCATIVO,4141,FUNDO PENITENCIÁRIO ESTADUAL,"COLABORAR COM A PRESERVAÇÃO, REPAROS PREVENTIVOS E CORRETIVOS, INSTALAÇÕES, ADAPTAÇÕES, RECUPERAÇÕES, CONSERVAÇÃO, MODERNIZAÇÃO E REFORMA DAS ESTRUTURAS FÍSICAS DAS UNIDADES PRISIONAIS E SOCIOEDUCATIVAS E TAMBÉM APOIAR A PRESTAÇÃO DE ASSISTÊNCIA JURÍDICA POR MEIO DA DEFENSORIA PÚBLICA DE MINAS GERAIS (DPMG).",,,,
2024,DESENVOLVIMENTO SOCIAL,71,FORTALECIMENTO DO SISTEMA ÚNICO DE ASSISTÊNCIA SOCIAL - SUAS,4251,FUNDO ESTADUAL DE ASSISTÊNCIA SOCIAL,"REDUZIR AS VULNERABILIDADES SOCIAIS E PROMOVER A AUTONOMIA DOS USUÁRIOS POR MEIO DO APRIMORAMENTO DA GESTÃO E DOS SERVIÇOS, BENEFÍCIOS, PROGRAMAS E PROJETOS SOCIOASSISTENCIAIS OFERTADOS À POPULAÇÃO MINEIRA PARA ERRADICAÇÃO DA POBREZA E REDUÇÃO DAS DESIGUALDADES",,,,
2024,SAÚDE,58,POLÍTICAS DE ATENÇÃO HOSPITALAR,4291,FUNDO ESTADUAL DE SAÚDE,"DENTIFICAR E DIAGNOSTICAR AS REDES PRIORITÁRIAS, ESTRUTURAR REDES PRIORITÁRIAS COMPLETAS, COM GRADE DE REFERÊNCIA, FLUXOS E PROTOCOLOS ATUALIZADOS,CRIAR ESTRATÉGIAS PARA TORNAR O ATENDIMENTO AO CIDADÃO O FOCO DAS REDES PRIORITÁRIAS, DEFINIR E MONITORAR INDICADORES DE RESOLUBILIDADE PARA AS REDES PRIORITÁRIAS, MONITORAR A JORNADA DO PACIENTE EM TODOS OS PONTOS DA REDE, REDUZIR O TEMPO DE RESPOSTA DO SAMU E DO SERVIÇO AEROMÉDICO, ESTRUTURAR LINHAS DE RESPOSTA RÁPIDA CAPAZES DE GARANTIR O ATENDIMENTO PRÉ-HOSPITALAR E O ACESSO À REDE DE URGÊNCIA E EMERGÊNCIA EM TEMPO OPORTUNO NOS TERRITÓRIOS,REDUZIR TAXAS DE MORTALIDADE POR AVC, TRAUMA E INFARTO.",,,,
2024,SAÚDE,59,APOIO À GESTÃO DO SUS,4291,FUNDO ESTADUAL DE SAÚDE,"APERFEIÇOAR A GESTÃO DA SECRETARIA DE ESTADO DE SAÚDE DE MINAS GERAIS POR MEIO DA QUALIFICAÇÃO DO TRABALHADOR, FORTALECIMENTO DA GESTÃO REGIONAL E DO CONTROLE SOCIAL E INCORPORAÇÃO DE NOVAS TECNOLOGIAS VISANDO A MAIOR EFICIÊNCIA ALOCATIVA E OTIMIZAÇÃO DAS AÇÕES DE ATENÇÃO A SAÚDE NO ESTADO.",,,,
2024,SAÚDE,60,ATENÇÃO PRIMÁRIA À SAÚDE,4291,FUNDO ESTADUAL DE SAÚDE,"-	ASSEGURAR À POPULAÇÃO O ACESSO GEOGRÁFICO À ATENÇÃO PRIMÁRIA,-	GARANTIR A RESOLUTIVIDADE DOS SERVIÇOS DA ATENÇÃO PRIMÁRIA NAS UNIDADES BÁSICAS DE SAÚDE,-	GARANTIR AO CIDADÃO SATISFAÇÃO NO SERVIÇO PRESTADO PELA ATENÇÃO PRIMÁRIA.",,,,
2024,SAÚDE,61,ATENÇÃO ESPECIALIZADA À SAÚDE,4291,FUNDO ESTADUAL DE SAÚDE,"IDENTIFICAR E DIAGNOSTICAR AS REDES PRIORITÁRIAS ,ESTRUTURAR REDES PRIORITÁRIAS COMPLETAS, COM GRADE DE REFERÊNCIA, FLUXOS E PROTOCOLOS ATUALIZADOS,CRIAR ESTRATÉGIAS PARA TORNAR O ATENDIMENTO AO CIDADÃO O FOCO DAS REDES PRIORITÁRIAS, DEFINIR E MONITORAR INDICADORES DE RESOLUBILIDADE PARA AS REDES PRIORITÁRIAS, AUMENTAR A PRODUÇÃO DE CONSULTAS, EXAMES E PROCEDIMENTOS, GARANTIR QUE O CIDADÃO TENHA COMO CHEGAR AOS PONTOS DE ATENDIMENTO, AMPLIAR OS PONTOS DE ATENÇÃO DAS REDES, PROMOVER A TRANSPARÊNCIA DOS DADOS DE ACESSO À REDE, ESTRUTURAR A LINHA DE CUIDADO MATERNA E INFANTIL, COM FOCO NO PRÉ-NATAL DE ALTO RISCO, REDUZIR A TAXA DE MORTALIDADE MATERNA PARA NO MÁXIMO 30, REDUZIR A TAXA DE MORTALIDADE INFANTIL A UM DÍGITO.",,,,
2024,SAÚDE,62,ACESSO A SERVIÇOS DE SAÚDE,4291,FUNDO ESTADUAL DE SAÚDE,"POSSIBILITAR O ACESSO EQUÂNIME E EFICIENTE, EM TEMPO OPORTUNO, A SERVIÇOS E INSUMOS OFERTADOS NAS REDES DE ATENÇÃO À SAÚDE, VISANDO INTERLIGAR DIMENSÕES DO SUS E PROMOVER QUALIDADE DE VIDA E O BEM-ESTAR DE TODA A POPULAÇÃO.",,,,
2024,SAÚDE,63,VIGILÂNCIA EM SAÚDE,4291,FUNDO ESTADUAL DE SAÚDE,"COORDENAR O PROCESSO CONTÍNUO E SISTEMÁTICO DE COLETA, CONSOLIDAÇÃO, ANÁLISE DE DADOS E DISSEMINAÇÃO DE INFORMAÇÕES SOBRE EVENTOS RELACIONADOS À SAÚDE, VISANDO O PLANEJAMENTO E ESTABELECIMENTO DE PRIORIDADES DE ATUAÇÃO, PARA MELHOR UTILIZAÇÃO DOS RECURSOS EM BUSCA DE RESULTADOS EFETIVOS E A IMPLEMENTAÇÃO DE MEDIDAS DE SAÚDE PÚBLICA PARA A PROTEÇÃO DA SAÚDE DA POPULAÇÃO, INCLUINDO A INCORPORAÇÃO DE NOVAS TECNOLOGIAS PARA A PREVENÇÃO E CONTROLE DE RISCOS, AGRAVOS E DOENÇAS, BEM COMO PARA A PROMOÇÃO DA SAÚDE.",,,,
2024,SAÚDE,64,ASSISTÊNCIA FARMACÊUTICA,4291,FUNDO ESTADUAL DE SAÚDE,"FORMULAR, DESENVOLVER E COORDENAR A POLÍTICA ESTADUAL DE ASSISTÊNCIA FARMACÊUTICA, VISANDO O ACESSO E O USO RACIONAL DE MEDICAMENTOS, DE FORMA INTEGRADA COM AS DEMAIS AÇÕES DE SAÚDE, DE ACORDO COM OS PRINCÍPIOS DO SUS E AS NECESSIDADES DA POPULAÇÃO.",,,,
2024,SAÚDE,166,EXECUÇÃO DESCENTRALIZADA E AUTÔNOMA DAS AÇÕES E SERVIÇOS DE SAÚDE,4291,FUNDO ESTADUAL DE SAÚDE,"APRIMORAR AS AÇÕES DE RELACIONAMENTO INSTITUCIONAL, CONSIDERANDO A INTERSETORIALIDADE DAS POLÍTICAS PÚBLICAS.",,,,
2024,"INFRAESTRUTURA, MOBILIDADE E PARCERIAS",82,PROMOÇÃO DA SEGURANÇA VIÁRIA,4381,FUNDO ESTADUAL DE DESENVOLVIMENTO DE TRANSPORTES,"PROMOVER COMPORTAMENTOS SEGUROS E MELHORAR AS VIAGENS E A SEGURANÇA PARA USUÁRIOS. PESQUISAR E APOIAR INICIATIVAS DE PROTEÇÃO DOS USUÁRIOS E REDUZIR OS COMPORTAMENTOS DE RISCOS NAS ESTRADAS. IMPLEMENTAR MEDIDAS QUE MITIGAM OU ELIMINAM INCIDENTES COMO EXCESSO DE VELOCIDADE, DISTRAÇÃO, FADIGA E FISCALIZAÇÃO DE VEÍCULOS, CARGAS. REDUZIR A VULNERABILIDADE SOCIAL PROMOVENDO O ACESSO A DIREITOS E A TRAJETÓRIA PARA AUTONOMIA. SER O ESTADO MAIS COMPETITIVO E MAIS FÁCIL DE SE EMPREENDER NO BRASIL, EM AGRONEGÓCIO, INDÚSTRIA E SERVIÇOS, PROPICIANDO AMBIENTE PARA MAIOR GERAÇÃO DE EMPREGO E RENDA E PROMOVENDO O DESENVOLVIMENTO REGIONAL COM. PROMOVER MAIOR EQUIDADE ENTRE OS USUÁRIOS DA MALHA VIÁRIA, RESPEITANDO SUAS DIFERENÇAS E NECESSIDADES. SER O MELHOR DESTINO TURÍSTICO E CULTURAL DO BRASIL. SER REFERÊNCIA EM QUALIDADE, EFICIÊNCIA E OPORTUNIDADE EM EDUCAÇÃO PARA O TRÂNSITO.",,,,
2024,MINISTÉRIO PÚBLICO,737,MODERNIZAÇÃO  INSTITUCIONAL,4441,FUNDO ESPECIAL DO MINISTÉRIO PÚBLICO DO ESTADO DE MINAS GERAIS,"APERFEIÇOAR AS FUNÇÕES INSTITUCIONAIS DO MINISTÉRIO PÚBLICO, ESPECIALMENTE A PERMANENTE MODERNIZAÇÃO E OBTENÇÃO DOS MEIOS NECESSÁRIOS PARA O COMBATE AO CRIME ORGANIZADO, A RECONSTITUIÇÃO DE BENS LESADOS E A PROTEÇÃO DO PATRIMÔNIO PÚBLICO E SOCIAL, DO MEIO AMBIENTE E DE OUTROS INTERESES DIFUSOS E COLETIVOS",,,,
2024,MINISTÉRIO PÚBLICO,738,PROTEÇÃO E DEFESA DO CONSUMIDOR,4451,FUNDO ESTADUAL DE PROTEÇÃO E DEFESA DO CONSUMIDOR,CUMPRIR OS OBJETIVOS DA POLÍTICA ESTADUAL DE RELAÇÕES DE CONSUMO DE FORMA A REPARAR DANOS CAUSADOS AO CONSUMIDOR,,,,
2024,POLÍCIA MILITAR DO ESTADO DE MINAS GERAIS,9,PROGRAMA DE APOIO HABITACIONAL AOS MILITARES DO ESTADO DE MINAS GERAIS,4541,FUNDO DE APOIO HABITACIONAL AOS MILITARES DO ESTADO DE MINAS GERAIS,CONCEDER AOS SEGURADOS DO IPSM FINANCIAMENTOS PARA ASSISTÊNCIA À HABITAÇÃO.,,,,
2024,TRIBUNAL DE CONTAS,704,MODERNIZAÇÃO INSTITUCIONAL,4611,FUNDO DO TRIBUNAL DE CONTAS DO ESTADO DE MINAS GERAIS,"FORTALECER A ATUAÇÃO DO TRIBUNAL DE CONTAS E AMPLIAR A CAPACIDADE DE PROVER ENTREGAS À SOCIEDADE, COM AGILIDADE E QUALIDADE, A PARTIR DO APRIMORAMENTO DA FISCALIZAÇÃO, BEM COMO ELEVAR A QUALIDADE E PRODUTIVIDADE DOS PROCESSOS DE TRABALHO, POR MEIO DA MODERNIZAÇÃO DA INSTITUIÇÃO.",,,,
2024,DESENVOLVIMENTO ECONÔMICO,35,INVESTIMENTOS CEMIG,5121,COMPANHIA ENERGÉTICA DE MINAS GERAIS,GERAR VALOR PARA OS ACIONISTAS DA CEMIG ALINHADA ÀS BOAS PRÁTICAS DE GOVERNANÇA CORPORATIVA EM CONSONÂNCIA COM OS OBJETIVOS ESTRATÉGICOS E SUSTENTÁVEIS.,,,,
2024,DESENVOLVIMENTO ECONÔMICO,142,MANUTENÇÃO DA INFRAESTRUTURA ADMINISTRATIVA E OPERACIONAL - INVEST MINAS,5131,AGÊNCIA DE PROMOÇÃO DE INVESTIMENTOS DE MINAS GERAIS,"ATENDER AS NECESSIDADES OPERACIONAIS DA INVEST MINAS, PROMOVENDO INVESTIMENTOS, NEGÓCIOS E EMPREGOS PARA A PROSPERIDADE E SUSTENTABILIDADE DE MINAS GERAIS"".",,,,
2024,PLANEJAMENTO E GESTÃO,30,SOLUÇÕES EM TECNOLOGIA DA INFORMAÇÃO E COMUNICAÇÃO,5141,COMPANHIA DE TECNOLOGIA DA INFORMAÇÃO DO ESTADO DE MINAS GERAIS,"PROVER O ESTADO DE SOLUÇÕES SISTÊMICAS, INTEGRADAS E PADRONIZADAS DE TIC, DISPONIBILIZANDO UMA INFRAESTRUTURA CONFIÁVEL, GLOBAL E EFICIENTE, ADOTANDO REQUISITOS DE SEGURANÇA PARA QUE ESTA INFRAESTRUTURA SEJA ROBUSTA, RESILIENTE E ÁGIL, PROPICIANDO AO ESTADO SOLUÇÕES INOVADORAS, NO CAMPO DE ATUAÇÃO DA COMPANHIA, EM ATENDIMENTO AO CIDADÃO.",,,,
2024,DESENVOLVIMENTO ECONÔMICO,13,APORTE DE CAPITAL E MANUTENÇÃO DA INFRAESTRUTURA DA MGI,5191,MINAS GERAIS PARTICIPAÇÕES S.A,"PARTICIPAR COM APORTE DE RECURSOS FINANCEIROS E/OU BENS EM EMPRESAS EM QUE O ESTADO DE MINAS GERAIS TENHA INTERESSE NA PARTICIPAÇÃO ACIONÁRIA.ALÉM DISSO, DESENVOLVER ATIVIDADES DE SUPORTE À CONSECUÇÃO DAS POLÍTICAS PÚBLICAS DA MGI - MINAS GERAIS PARTICIPAÇÕES S.A. EM RELAÇÃO ÀS ATIVIDADES QUE NÃO SE POSSA ASSOCIAR UM BEM OU SERVIÇO A SER DISPONIBILIZADO DIRETAMENTE À SOCIEDADE.",,,,
2024,DESENVOLVIMENTO ECONÔMICO,17,INVESTIMENTO NA INFRAESTRUTURA ADMINISTRATIVA E OPERACIONAL  DO BDMG,5201,BANCO DE DESENVOLVIMENTO DE MINAS GERAIS S.A,INVESTIR NA ADEQUAÇÃO E APRIMORAMENTO DA INFRAESTRUTURA ADMINISTRATIVA E OPERACIONAL.,,,,
2024,DESENVOLVIMENTO ECONÔMICO,171,FINANCIAMENTO À INFRAESTRUTURA E AO DESENVOLVIMENTO SUSTENTÁVEL EM MG ENTRE BDMG E NEW DEVELOPMENT BANK (BDMG INFRA ODS),5201,BANCO DE DESENVOLVIMENTO DE MINAS GERAIS S.A,"O OBJETIVO DO PROGRAMA BDMG INFRA ODS, VIA CONTRATAÇÃO DE OPERAÇÃO DE CRÉDITO EXTERNO COM GARANTIA DA UNIÃO ENTRE O BDMG E O NEW DEVELOPMENT BANK (NDB), É FINANCIAR PROPOSTAS TRANSFORMADORAS QUE GARANTAM UM FUTURO ECONÔMICO, SOCIAL E AMBIENTALMENTE MAIS SUSTENTÁVEL PARA MINAS GERAIS, ALINHANDO ÀS DIRETRIZES MAPEADAS NOS OBJETIVOS DE DESENVOLVIMENTO SUSTENTÁVEL (ODS) DA AGENDA 2030 DA ONU ÀS DEMANDAS LOCAIS, POR MEIO DE FINANCIAMENTO A PROJETOS DE INFRAESTRUTURA E DE PROJETOS DE DESENVOLVIMENTO SUSTENTÁVEL, EM ESPECIAL AOS PROJETOS DE ENERGIA LIMPA, AGRICULTURA SUSENTÁVEL, DESENVOLVIMENTO URBANO PARA CIDADES INCLUSIVAS E SUSTENTÁVEIS, E INFRAESTRUTURA SOCIAL, DESTINADO AOS MUNICÍPIOS E ÀS EMPRESAS LOCALIZADAS NO ESTADO DE MINAS GERAIS, QUE SEJAM ELEGÍVEIS PARA USO DOS RECURSOS CAPTADOS E SE ENQUADREM NOS CRITÉRIOS DE NORMATIVOS INTERNOS DO BDMG. O VALOR DA OPERAÇÃO DE CRÉDITO É DE 200 MILHÕES DE DÓLARES AMERICANOS, O QUE CORRESPONDE AO VALOR DE 1 BILHÃO DE REAIS, CONSIDERANDO A COTAÇÃO DE USD 1,00 = R$5,00.",,,,
2024,DESENVOLVIMENTO ECONÔMICO,57,SOLUÇÕES EM SERVIÇOS DE APOIO TÉCNICO-OPERACIONAL,5381,MINAS GERAIS ADMINISTRAÇÃO E SERVIÇOS S.A,"A MGS TEM COMO OBJETIVO PRESTAR SERVIÇOS DE QUALIDADE AO ESTADO E AOS MUNICÍPIOS. TAIS SERVIÇOS SÃO IMPRESCINCÍVEIS PARA QUE AS POLÍTICAS PÚBLICAS DESEMPENHADAS POR ESSES ATORES SEJAM EFETIVAS, O QUE PROPICIARÁ MELHORES CONDIÇÕES PARA O CRESCIMENTO ECONÔMICO DA MGS E , CONCOMITANTEMENTE, PARA O DESENVOLVIMENTO DO ESTADO DE MINAS GERAIS.",,,,
2024,DESENVOLVIMENTO ECONÔMICO,94,GERAÇÃO DE ENERGIA ELÉTRICA,5391,CEMIG GERAÇÃO E TRANSMISSÃO S.A,"EXECUTAR SERVIÇOS DE REFORMAS E MELHORIAS NAS USINAS EM OPERAÇÃO, VISANDO MANTER A EFICÊNCIA DO PARQUE GERADOR INSTALADO, ALÉM DE AUMENTAR A CAPACIDADE INSTALADA DE GERAÇÃO POR MEIO DA CONSTRUÇÃO DE NOVAS USINAS HIDRELÉTRICAS, TÉRMICAS E/OU DE FONTES ALTERNATIVAS, ATENDENDO AOS REQUISITOS INSTITUCIONAIS DE PLANEJAMENTO E OPERAÇÃO",,,,
2024,DESENVOLVIMENTO ECONÔMICO,92,TRANSMISSÃO DE ENERGIA ELÉTRICA,5391,CEMIG GERAÇÃO E TRANSMISSÃO S.A,"EXECUTAR REFORÇOS NAS SUBESTAÇÕES E LINHAS DE TRANSMISSÃO, ASSIM COMO A REFORMA DE SISTEMAS EXISTENTES PARA FINS DE MELHORIAS, REFORMAS E MODERNIZAÇÕES, VISANDO MANTER A EFICIÊNCIA DO SISTEMA DE TRANSMISSÃO, ATENDENDO AOS REQUISITOS INSTITUCIONAIS E REGULATÓRIOS DE PLANEJAMENTO E OPERAÇÃO",,,,
2024,DESENVOLVIMENTO ECONÔMICO,72,DISTRIBUIÇÃO DE ENERGIA ELÉTRICA,5401,CEMIG DISTRIBUIÇÃO S.A,"AUMENTAR A EXTENSÃO EM QUILÔMETROS DE LINHAS DE SUBTRANSMISSÃO, A CAPACIDADE INSTALADA DE SUBESTAÇÕES EM MVA (MEGA VOLT AMPERE), O NÚMERO DE NOVOS CONSUMIDORES LIGADOS E O AUMENTO DA VENDA DE ENERGIA, BEM COMO ATENDER AOS REQUISITOS DO CONTRATO DE CONCESSÃO E DO ÓRGÃO REGULADOR AGÊNCIA NACIONAL DE ENERGIA ELÉTRICA (ANEEL), GARANTINDO QUE A ENERGIA ELÉTRICA CHEGUE PARA TODOS OS DOMICÍLIOS E EMPRESAS DOS CONSUMIDORES FINAIS DE SUA ÁREA DE ATENDIMENTO",,,,
2024,CORPO DE BOMBEIROS MILITAR DO ESTADO DE MINAS GERAIS,52,PROMOÇÃO DE DEFESA CIVIL,1401,CORPO DE BOMBEIROS MILITAR DO ESTADO DE MINAS GERAIS,"MELHORIA DA QUALIDADE DE VIDA E O ATENDIMENTO DO BEM COMUM ATRAVÉS DA COORDENAÇÃO E EXECUÇÃO DE AÇÕES DE DEFESA CIVIL, PREVENÇÃO, COMBATE E PERÍCIA DE INCÊNDIOS, SOCORRO, BUSCA E SALVAMENTO, EM CUMPRIMENTO À SUA MISSÃO CONSTITUCIONAL.",,,,
